ID,DWD_ID,STATION_NAME,FEDERAL_STATE,LAT,LON,ALTITUDE,PERIOD,RECORD_LENGTH,MEAN_ANNUAL_AIR_TEMP,MEAN_MONTHLY_MAX_TEMP,MEAN_MONTHLY_MIN_TEMP,MEAN_ANNUAL_WIND_SPEED,MEAN_CLOUD_COVER,MEAN_ANNUAL_SUNSHINE,MEAN_ANNUAL_RAINFALL,MAX_MONTHLY_WIND_SPEED,MAX_AIR_TEMP,MAX_WIND_SPEED,MAX_RAINFALL,MIN_AIR_TEMP,MEAN_RANGE_AIR_TEMP
0,1,Aach,Baden-Württemberg,47.8413,8.8493,478.0,1931-1986,55,8.2,13.1,3.5,2.0,67.0,,755.0,2.0,32.5,,39.0,-16.3,9.6
1,3,Aachen,Nordrhein-Westfalen,50.7827,6.0941,202.0,1851-2011,160,9.8,13.6,6.3,3.0,67.0,1531.0,820.0,3.0,32.3,30.2,36.0,-10.9,7.3
2,44,Großenkneten,Niedersachsen,52.9335,8.237,44.0,1971-2016,45,9.2,13.2,5.4,2.0,67.0,1459.0,759.0,3.0,32.4,29.9,32.0,-12.6,7.8
6,71,Albstadt-Badkap,Baden-Württemberg,48.2156,8.9784,759.0,1986-2016,30,7.4,12.2,3.3,2.0,66.0,1725.0,919.0,2.0,30.2,,43.0,-15.5,8.9
8,73,Aldersbach-Kriestorf,Bayern,48.6159,13.0506,340.0,1952-2016,64,8.4,13.4,3.9,1.0,65.0,1595.0,790.0,2.0,33.0,,43.0,-19.2,9.5
9,78,Alfhausen,Niedersachsen,52.4853,7.9126,65.0,1961-2016,55,9.3,13.4,5.2,2.0,67.0,,794.0,2.0,32.2,,33.0,-13.3,8.2
10,91,Alsfeld-Eifa,Hessen,50.7446,9.345,300.0,1978-2016,38,8.2,12.7,4.1,3.0,72.0,,657.0,3.0,31.6,,37.0,-15.2,8.6
12,98,Altastenberg,Nordrhein-Westfalen,51.189,8.4671,780.0,1887-1954,67,5.1,8.9,2.2,3.0,72.0,1577.0,,4.0,27.6,,,-15.7,6.7
14,116,Altenburg,Thüringen,50.9833,12.4333,213.0,1899-1966,67,8.4,12.9,4.2,2.0,66.0,1606.0,,3.0,33.2,,,-17.5,8.6
18,132,Altglashütte,Bayern,49.7725,12.3891,750.0,1954-1987,33,5.7,9.2,2.7,3.0,64.0,,915.0,3.0,29.0,,40.0,-17.2,6.5
19,142,Altomünster-Maisbrunn,Bayern,48.406,11.3117,510.0,1955-2016,61,8.0,13.0,3.7,2.0,66.0,,862.0,3.0,32.5,,41.0,-19.4,9.3
20,150,Alzey,Rheinland-Pfalz,49.7273,8.1164,215.0,1901-2016,115,9.5,13.8,5.3,2.0,65.0,1597.0,526.0,2.0,33.5,,31.0,-13.4,8.6
21,151,Amberg-Unterammersricht,Bayern,49.4691,11.8546,383.0,1913-2016,103,7.9,12.5,3.6,1.0,66.0,1580.0,690.0,2.0,33.4,,36.0,-17.2,9.2
24,164,Angermünde,Brandenburg,53.0316,13.9907,54.0,1908-2016,108,8.4,12.9,4.3,2.0,68.0,1695.0,531.0,3.0,33.0,28.8,37.0,-16.1,8.5
25,167,Anklam,Mecklenburg-Vorpommern,53.8412,13.6846,9.0,1939-2016,77,8.1,13.1,5.1,3.0,62.0,1619.0,553.0,3.0,32.6,,32.0,-14.8,8.0
26,169,Annaberg-Buchholz,Sachsen,50.573,13.0053,630.0,1881-1966,85,6.4,10.6,2.9,3.0,66.0,1533.0,902.0,3.0,30.8,,46.0,-18.0,7.8
29,175,Ansbach,Bayern,49.2964,10.5751,413.0,1881-1976,95,7.5,12.2,3.3,2.0,65.0,1657.0,681.0,2.0,31.4,22.8,36.0,-17.3,9.0
31,183,Arkona,Mecklenburg-Vorpommern,54.6792,13.4343,42.0,1936-2016,80,8.2,10.6,6.0,4.0,66.0,1840.0,543.0,5.0,26.8,35.5,33.0,-9.4,4.6
33,185,Arnis,Schleswig-Holstein,54.6289,9.9294,3.0,1881-1957,76,8.0,11.7,5.1,2.0,63.0,,726.0,2.0,28.7,,41.0,-11.7,6.6
34,186,Arnsberg,Nordrhein-Westfalen,51.3773,8.0713,218.0,1867-1998,131,8.6,12.9,4.5,2.0,69.0,1453.0,965.0,2.0,31.9,,39.0,-15.2,8.4
35,191,Arnstein-Müdesheim,Bayern,49.9695,9.9113,220.0,1986-2016,30,9.4,14.7,4.4,2.0,64.0,,636.0,3.0,34.6,,32.0,-14.4,10.3
36,193,Arolsen-Neu Berich,Hessen,51.3845,9.082,232.0,1938-1997,59,8.2,12.1,3.6,2.0,70.0,,700.0,2.0,31.5,18.2,37.0,-17.1,8.5
37,198,Artern,Thüringen,51.3745,11.292,164.0,1954-2016,62,9.0,13.4,5.0,3.0,69.0,1539.0,478.0,3.0,33.5,29.9,31.0,-15.3,8.4
38,202,Aschaffenburg,Bayern,49.9778,9.1114,110.0,1881-1951,70,8.9,14.0,4.3,2.0,63.0,,670.0,3.0,33.6,,44.0,-11.1,9.3
41,217,Attenkam,Bayern,47.8774,11.3642,672.0,1938-2016,78,7.8,12.7,3.5,2.0,63.0,1846.0,1089.0,3.0,31.6,,52.0,-16.7,9.2
43,222,Aue,Sachsen,50.5907,12.714,387.0,1881-2016,135,8.1,13.2,4.3,2.0,69.0,1148.0,803.0,2.0,32.2,23.0,44.0,-16.6,9.0
44,231,Augsburg (Sankt Stephan),Bayern,48.3723,10.8948,490.0,1881-1974,93,8.1,12.5,4.2,2.0,61.0,,822.0,3.0,31.8,,42.0,-15.9,8.3
45,232,Augsburg,Bayern,48.4254,10.942,461.0,1946-2016,70,8.3,12.9,4.0,2.0,67.0,1739.0,785.0,3.0,32.9,28.0,40.0,-16.8,9.0
46,243,Aurich,Niedersachsen,53.4621,7.467,4.0,1887-2006,119,8.5,12.4,4.9,3.0,72.0,1439.0,832.0,3.0,30.7,,34.0,-12.7,7.5
47,257,Baden-Baden-Geroldsau,Baden-Württemberg,48.727,8.2458,240.0,1881-2016,135,9.6,14.3,5.4,2.0,65.0,,1151.0,2.0,33.6,,50.0,-12.2,8.9
48,259,Müllheim,Baden-Württemberg,47.8064,7.6387,273.0,1881-2016,135,9.7,14.0,5.9,2.0,63.0,1465.0,954.0,2.0,33.3,,45.0,-12.5,8.1
50,282,Bamberg,Bayern,49.8742,10.9206,240.0,1949-2016,67,8.9,13.8,4.2,2.0,68.0,1575.0,638.0,2.0,33.7,23.5,36.0,-17.8,9.6
52,284,Bamberg (Sternwarte),Bayern,49.88,10.88,282.0,1879-1958,79,8.3,13.2,4.1,2.0,68.0,1708.0,639.0,3.0,32.7,,32.0,-17.1,9.1
55,298,Barth,Mecklenburg-Vorpommern,54.3406,12.7108,3.0,1937-2016,79,8.2,11.8,4.8,3.0,67.0,1626.0,625.0,3.0,30.6,29.1,33.0,-14.1,7.0
57,314,Kubschütz. Kr. Bautzen,Sachsen,51.1605,14.5037,232.0,1881-2016,135,8.7,12.7,4.9,3.0,70.0,1447.0,633.0,4.0,33.0,,39.0,-16.0,7.8
58,320,Heinersreuth-Vollhof,Bayern,49.9667,11.5197,350.0,1851-2016,165,7.8,12.8,3.4,2.0,67.0,1571.0,685.0,2.0,33.2,19.9,37.0,-18.1,9.3
60,327,Bederkesa,Niedersachsen,53.6234,8.8323,27.0,1962-1996,34,8.5,12.2,5.1,3.0,67.0,808.0,903.0,4.0,31.1,,38.0,-12.4,7.1
61,330,Beerfelden,Hessen,49.5617,8.9673,450.0,1931-2016,85,8.3,12.2,4.9,2.0,72.0,1535.0,1061.0,3.0,31.0,17.2,47.0,-13.3,7.2
65,355,Bensheim,Hessen,49.6789,8.6276,140.0,1931-1989,58,10.1,14.5,6.0,2.0,63.0,,794.0,2.0,33.9,,40.0,-12.3,8.5
68,377,Bergzabern. Bad,Rheinland-Pfalz,49.107,7.9967,252.0,1927-2016,89,10.1,14.2,6.1,2.0,62.0,1403.0,788.0,2.0,33.2,,37.0,-11.1,8.1
70,390,Berleburg. Bad-Stünzel,Nordrhein-Westfalen,50.9837,8.3679,610.0,1986-2016,30,6.9,10.3,3.6,2.0,71.0,1449.0,1066.0,2.0,29.1,,41.0,-13.4,6.7
72,400,Berlin-Buch,Berlin,52.6309,13.5022,60.0,1951-2016,65,9.1,13.5,5.4,2.0,67.0,1564.0,578.0,3.0,33.8,22.8,36.0,-14.3,8.1
73,402,Berlin-Dahlem (LFAG),Berlin,52.4564,13.2997,55.0,1876-1962,86,8.9,12.8,5.0,2.0,66.0,1378.0,587.0,3.0,32.8,3.8,34.0,-14.7,7.8
74,403,Berlin-Dahlem (FU),Berlin,52.4537,13.3017,51.0,1719-2016,297,9.0,13.3,5.2,2.0,65.0,1700.0,592.0,3.0,33.4,27.7,35.0,-13.9,8.1
85,427,Berlin-Schönefeld,Brandenburg,52.3807,13.5306,46.0,1957-2016,59,9.1,13.6,4.9,3.0,66.0,1714.0,522.0,3.0,34.0,27.9,32.0,-15.4,8.7
87,430,Berlin-Tegel,Berlin,52.5644,13.3088,36.0,1961-2016,55,9.7,13.5,5.8,3.0,66.0,1647.0,549.0,3.0,33.9,27.4,36.0,-14.4,7.7
89,433,Berlin-Tempelhof,Berlin,52.4675,13.4021,48.0,1938-2016,78,9.6,13.4,5.8,3.0,66.0,1651.0,578.0,3.0,33.7,27.5,36.0,-13.7,7.6
91,435,Berlin-Zehlendorf,Berlin,52.4289,13.2327,45.0,1964-2006,42,9.3,13.4,5.5,2.0,66.0,,606.0,3.0,33.4,16.3,36.0,-13.9,7.9
92,445,Bernburg/Saale (Nord),Sachsen-Anhalt,51.8218,11.7109,84.0,1887-2016,129,9.0,13.3,4.8,3.0,66.0,1536.0,469.0,4.0,33.0,,32.0,-15.0,8.5
93,450,Bernkastel-Kues,Rheinland-Pfalz,49.9186,7.0664,120.0,1912-2012,100,10.2,14.6,6.1,1.0,70.0,1428.0,687.0,1.0,34.2,,36.0,-11.4,8.5
94,460,Berus,Saarland,49.264,6.6868,363.0,1948-2016,68,9.2,13.0,5.6,3.0,65.0,1628.0,778.0,4.0,31.8,31.5,37.0,-11.3,7.4
95,474,Warthausen-Birkenhard,Baden-Württemberg,48.1252,9.7639,599.0,1881-1986,105,7.6,11.8,3.5,2.0,70.0,1102.0,787.0,2.0,32.1,,41.0,-17.5,8.3
96,480,Biedenkopf-Wallau,Hessen,50.9275,8.4935,296.0,1931-2006,75,8.0,12.8,3.6,2.0,69.0,1415.0,850.0,2.0,32.0,,35.0,-16.8,9.1
97,502,Bischbrunn,Bayern,49.8747,9.4883,412.0,1967-2006,39,7.9,12.1,4.3,2.0,65.0,1531.0,959.0,3.0,31.3,,43.0,-14.8,7.8
98,524,Bitterfeld,Sachsen-Anhalt,51.6333,12.3167,80.0,1921-1992,71,9.3,13.8,5.7,2.0,65.0,1566.0,520.0,3.0,34.4,27.3,36.0,-15.2,8.1
99,526,Blankenburg. Bad,Thüringen,50.6738,11.2805,254.0,1936-1975,39,7.7,13.3,3.7,,,,577.0,,33.5,,33.0,-17.5,9.7
100,535,Blankenrath,Rheinland-Pfalz,50.0372,7.3079,417.0,1927-2016,89,8.2,12.1,4.3,2.0,70.0,1406.0,763.0,3.0,31.3,,36.0,-14.3,7.8
103,554,Bocholt-Liedern (Wasserwerk),Nordrhein-Westfalen,51.8293,6.5365,23.0,1946-2006,60,9.6,13.6,5.6,2.0,69.0,1503.0,721.0,3.0,32.0,27.5,34.0,-11.0,8.0
104,555,Bochum,Nordrhein-Westfalen,51.4789,7.2697,101.0,1925-2016,91,10.3,13.9,6.7,3.0,66.0,1396.0,798.0,4.0,32.7,29.1,38.0,-10.7,7.2
108,591,Boizenburg,Mecklenburg-Vorpommern,53.3911,10.6878,45.0,1947-2016,69,8.7,12.9,5.1,3.0,68.0,1539.0,656.0,3.0,32.3,28.1,33.0,-13.5,7.8
110,596,Boltenhagen,Mecklenburg-Vorpommern,54.0028,11.1908,15.0,1947-2016,69,8.7,11.8,5.6,3.0,66.0,1738.0,580.0,4.0,30.4,31.9,33.0,-12.1,6.2
112,599,Bonn-Friesdorf,Nordrhein-Westfalen,50.7055,7.1467,62.0,1931-1999,68,9.9,14.1,6.0,2.0,71.0,1437.0,659.0,3.0,32.1,24.0,36.0,-11.9,8.1
115,614,Borgentreich-Bühne,Nordrhein-Westfalen,51.5709,9.312,240.0,1950-2007,57,8.6,12.5,4.5,2.0,71.0,,714.0,3.0,31.6,,33.0,-15.6,8.0
117,619,Borkum-Süderstraße,Niedersachsen,53.5788,6.6703,12.0,1881-2006,125,9.0,11.4,6.8,4.0,66.0,1593.0,735.0,5.0,28.0,36.1,34.0,-7.6,4.7
121,648,Brande-Hörnerkirchen,Schleswig-Holstein,53.8551,9.7152,9.0,1963-2006,43,8.5,12.6,4.7,2.0,72.0,1491.0,883.0,3.0,31.6,,37.0,-15.1,8.0
122,650,Brandenburg-Görden,Brandenburg,52.4136,12.5503,35.0,1887-2001,114,8.7,13.1,4.7,2.0,66.0,,550.0,3.0,34.1,24.8,30.0,-15.9,8.5
124,656,Braunlage,Niedersachsen,51.7234,10.6021,607.0,1931-2016,85,6.2,9.8,2.8,2.0,70.0,1441.0,1236.0,3.0,28.6,26.4,54.0,-15.8,6.9
126,661,Braunschweig (T.H.),Niedersachsen,52.2708,10.5334,75.0,1881-1953,72,8.9,13.0,5.3,3.0,64.0,1616.0,653.0,4.0,32.6,,32.0,-14.0,7.8
127,662,Braunschweig,Niedersachsen,52.2914,10.4465,81.0,1961-2016,55,9.3,13.1,5.5,3.0,67.0,1583.0,622.0,3.0,32.6,27.5,34.0,-13.8,7.6
129,691,Bremen,Bremen,53.045,8.7979,4.0,1851-2016,165,9.0,12.8,5.2,3.0,67.0,1532.0,674.0,4.0,31.6,29.5,32.0,-13.0,7.6
131,701,Bremerhaven,Bremen,53.5332,8.5761,7.0,1913-2016,103,9.2,12.3,6.2,3.0,68.0,1547.0,736.0,4.0,30.9,31.5,33.0,-10.2,6.1
133,703,Bremervörde (A),Niedersachsen,53.4779,9.1553,5.0,1881-1985,104,8.2,12.3,4.2,2.0,68.0,1469.0,758.0,3.0,31.6,25.3,33.0,-15.9,8.1
136,706,Eschbach,Baden-Württemberg,47.8858,7.6611,234.0,1971-2004,33,10.6,15.3,6.2,2.0,64.0,1587.0,697.0,3.0,34.3,27.4,38.0,-12.4,9.1
137,710,Bretten,Baden-Württemberg,49.025,8.6991,181.0,1881-2003,122,9.2,14.6,5.0,2.0,67.0,1739.0,780.0,2.0,33.9,,43.0,-14.6,9.6
138,717,Brilon,Nordrhein-Westfalen,51.3873,8.5737,443.0,1890-2004,114,7.4,11.2,3.9,3.0,68.0,,1066.0,4.0,30.2,,43.0,-14.6,7.2
139,722,Brocken,Sachsen-Anhalt,51.7986,10.6183,1134.0,1896-2016,120,2.9,5.6,0.4,6.0,79.0,1399.0,1626.0,7.0,23.9,52.4,63.0,-16.5,5.1
140,727,Brombachtal-Kirch-Brombach,Hessen,49.7345,8.9557,290.0,1952-1986,34,8.7,13.1,4.5,2.0,74.0,,870.0,3.0,32.0,,40.0,-15.5,8.6
141,729,Brotterode,Thüringen,50.8282,10.454,600.0,1904-1980,76,5.9,10.2,1.6,2.0,69.0,,1066.0,3.0,29.5,,42.0,-19.6,8.5
142,736,Brücken,Rheinland-Pfalz,49.6303,7.1148,390.0,1862-1999,137,7.5,12.1,3.1,2.0,68.0,,913.0,2.0,30.6,,43.0,-16.3,9.0
144,755,Buchen. Kr. Neckar-Odenwald,Baden-Württemberg,49.5182,9.3213,340.0,1881-2016,135,8.1,12.8,3.6,2.0,67.0,1577.0,766.0,2.0,32.3,,37.0,-16.7,9.2
148,769,Bückeburg,Niedersachsen,52.2817,9.0889,68.0,1979-2016,37,10.2,13.6,6.2,3.0,68.0,1362.0,678.0,3.0,33.0,29.0,39.0,-13.1,7.4
150,772,Bühlertal,Baden-Württemberg,48.6957,8.1744,190.0,1892-1986,94,9.5,14.8,6.0,2.0,65.0,,1223.0,3.0,33.6,,56.0,-12.3,8.8
153,807,Schlüsselfeld (Kläranlage),Bayern,49.745,10.6434,290.0,1933-2006,73,8.3,13.2,3.7,2.0,63.0,,698.0,2.0,33.4,,36.0,-17.7,9.5
154,817,Burgwald-Bottendorf,Hessen,51.0306,8.8146,293.0,1952-2016,64,7.9,12.5,3.6,2.0,70.0,,720.0,2.0,31.7,,38.0,-17.0,8.9
157,848,Celle (Stadt),Niedersachsen,52.6146,10.0726,38.0,1940-1978,38,8.7,12.8,4.3,3.0,68.0,1282.0,699.0,3.0,31.9,,33.0,-16.2,8.5
158,850,Celle,Niedersachsen,52.5959,10.0296,39.0,1979-2016,37,9.9,13.4,5.5,2.0,69.0,1494.0,655.0,3.0,32.8,26.5,34.0,-13.8,7.9
159,851,Pemfling-Pitzling,Bayern,49.2504,12.604,389.0,1913-1996,83,7.9,12.2,3.9,2.0,67.0,1604.0,696.0,2.0,31.7,,36.0,-16.8,8.3
160,853,Chemnitz,Sachsen,50.7913,12.872,418.0,1881-2016,135,8.1,12.2,4.3,3.0,67.0,1542.0,741.0,4.0,31.5,31.4,42.0,-16.4,7.9
162,863,Clausthal-Zellerfeld,Niedersachsen,51.7904,10.347,585.0,1881-2012,131,6.2,9.4,2.9,3.0,69.0,1330.0,1318.0,3.0,28.2,,50.0,-16.1,6.4
164,867,Lautertal-Oberlauter,Bayern,50.3067,10.968,344.0,1883-2016,133,8.0,12.6,3.8,2.0,67.0,1538.0,695.0,2.0,33.0,23.5,35.0,-16.3,8.8
165,876,Collmberg,Sachsen,51.3,13.0167,314.0,1947-1988,41,8.0,11.4,5.2,4.0,67.0,1480.0,,5.0,31.0,38.4,,-15.1,6.3
166,879,Cottbus (Flugplatz),Brandenburg,51.7667,14.2833,68.0,1939-2003,64,8.6,,,2.0,68.0,,,3.0,,,,,0.0
167,880,Cottbus,Brandenburg,51.776,14.3168,69.0,1888-2016,128,8.9,13.2,4.7,2.0,65.0,1652.0,571.0,3.0,33.5,27.1,38.0,-16.7,8.6
168,881,Crailsheim-Alexandersreut,Baden-Württemberg,49.0985,10.0979,423.0,1898-2003,105,8.3,12.8,4.0,2.0,67.0,1083.0,798.0,2.0,32.6,,38.0,-17.8,8.8
169,888,Crimmitschau,Sachsen,50.8149,12.3821,269.0,1906-1991,85,8.0,12.3,3.8,3.0,61.0,1587.0,612.0,3.0,33.0,,38.0,-17.5,8.4
170,891,Cuxhaven,Niedersachsen,53.8713,8.7058,5.0,1922-2016,94,9.1,12.0,6.5,3.0,68.0,1667.0,810.0,4.0,30.0,32.7,33.0,-9.7,5.3
174,919,Darmstadt-Botanischer Garten,Hessen,49.8697,8.6796,169.0,1931-1974,43,9.3,13.7,5.2,1.0,62.0,,702.0,2.0,32.8,,35.0,-15.0,8.6
176,948,Dessau,Sachsen-Anhalt,51.8512,12.2515,60.0,1887-1950,63,8.9,13.3,4.6,,,,536.0,,34.3,,,-12.4,8.7
177,953,Deuselbach,Rheinland-Pfalz,49.7619,7.0541,480.0,1939-2016,77,7.8,12.1,4.6,3.0,70.0,1567.0,760.0,4.0,30.7,29.2,37.0,-12.6,7.1
179,963,Diepholz,Niedersachsen,52.5881,8.3424,39.0,1940-2016,76,9.3,13.2,5.0,3.0,63.0,1226.0,688.0,3.0,32.2,27.3,32.0,-14.0,8.2
181,965,Diesbar-Seußlitz,Sachsen,51.2401,13.4166,100.0,1936-1990,54,8.8,13.4,4.5,2.0,67.0,,562.0,3.0,33.5,,37.0,-16.8,8.8
183,979,Dillenburg,Hessen,50.7364,8.2672,314.0,1947-2016,69,8.5,13.3,3.8,1.0,72.0,1397.0,797.0,2.0,32.3,,36.0,-15.7,9.5
184,982,Dillingen/Donau,Bayern,48.5701,10.4985,420.0,1936-2006,70,8.4,13.2,4.2,2.0,65.0,,746.0,2.0,32.6,,37.0,-16.3,8.8
186,991,Dippoldiswalde-Reinberg,Sachsen,50.9117,13.7087,365.0,1954-2016,62,7.8,12.3,3.5,2.0,67.0,,768.0,3.0,32.2,,44.0,-18.6,8.9
188,1001,Doberlug-Kirchhain,Brandenburg,51.6451,13.5747,97.0,1936-2016,80,8.9,13.6,4.5,3.0,67.0,1605.0,564.0,3.0,33.5,27.2,36.0,-17.4,9.1
189,1003,Döbeln,Sachsen,51.1333,13.1167,201.0,1881-1966,85,8.1,13.3,4.2,2.0,61.0,,,3.0,33.6,,,-18.3,8.6
190,1006,Dömitz,Mecklenburg-Vorpommern,53.1399,11.2544,15.0,1898-1961,63,8.3,12.7,3.9,,,,580.0,,30.9,,35.0,-14.2,8.8
191,1018,Donaueschingen,Baden-Württemberg,47.9422,8.5046,677.0,1881-2004,123,6.7,11.6,1.8,1.0,65.0,1593.0,774.0,2.0,30.3,,40.0,-19.8,9.8
192,1032,Dortmund,Nordrhein-Westfalen,51.512,7.5345,120.0,1898-1999,101,9.5,13.4,5.8,2.0,69.0,1357.0,802.0,3.0,32.1,,36.0,-12.5,7.7
193,1047,Dresden (Mitte),Sachsen,51.0557,13.7274,112.0,1881-1915,34,9.5,12.8,5.5,2.0,66.0,,653.0,3.0,31.3,,48.0,-14.2,7.2
194,1048,Dresden-Klotzsche,Sachsen,51.128,13.7543,227.0,1935-2016,81,8.9,13.0,5.3,3.0,68.0,1548.0,648.0,3.0,32.9,28.3,41.0,-15.4,7.6
195,1050,Dresden-Hosterwitz,Sachsen,51.0221,13.847,114.0,1924-2016,92,9.4,14.1,5.2,2.0,68.0,1465.0,651.0,3.0,33.8,,41.0,-15.8,8.8
196,1051,Dresden-Strehlen,Sachsen,51.024,13.7737,119.0,1935-2016,81,9.3,14.0,5.2,2.0,65.0,1452.0,643.0,2.0,34.1,,45.0,-15.7,8.9
199,1072,Dürkheim. Bad,Rheinland-Pfalz,49.4719,8.1929,107.0,1952-2016,64,10.3,14.7,5.7,2.0,62.0,,543.0,2.0,33.9,,33.0,-13.0,9.0
200,1073,Dürkheim. Bad (Saline),Rheinland-Pfalz,49.4686,8.1797,115.0,1881-1952,71,10.1,15.6,6.1,2.0,66.0,,564.0,3.0,34.7,,40.0,-11.6,9.5
201,1074,Dürrenberg. Bad,Sachsen-Anhalt,51.3043,12.081,103.0,1937-1973,36,8.5,13.2,5.0,2.0,63.0,,500.0,3.0,32.3,,35.0,-15.5,8.2
202,1078,Düsseldorf,Nordrhein-Westfalen,51.296,6.7686,37.0,1939-2016,77,10.6,14.7,6.5,3.0,65.0,1534.0,745.0,3.0,33.9,28.5,33.0,-11.5,8.1
203,1079,Düsseldorf-Südfriedhof,Nordrhein-Westfalen,51.1998,6.7574,37.0,1935-1996,61,10.4,14.3,6.5,2.0,65.0,1397.0,740.0,2.0,33.0,,35.0,-10.5,7.8
205,1087,Duisburg-Laar,Nordrhein-Westfalen,51.4634,6.7321,21.0,1936-1993,57,10.7,14.5,7.1,2.0,69.0,,812.0,3.0,33.1,,39.0,-9.3,7.1
207,1093,Eberbach (LUBW),Baden-Württemberg,49.46,8.9584,131.0,1950-2005,55,9.3,14.4,5.1,1.0,70.0,,1010.0,1.0,33.2,,43.0,-14.2,9.3
209,1103,Ebersberg-Halbing,Bayern,48.1002,11.9872,592.0,1937-2016,79,8.3,12.9,4.4,2.0,62.0,,1039.0,2.0,32.0,18.0,49.0,-15.3,8.5
210,1106,Eberswalde,Brandenburg,52.8239,13.7979,45.0,1876-1950,74,8.2,13.9,5.0,,,,568.0,,34.2,,25.0,-15.6,8.9
211,1107,Ebrach,Bayern,49.852,10.499,346.0,1963-2016,53,8.1,13.0,3.5,1.0,65.0,,803.0,2.0,32.8,,37.0,-17.2,9.5
215,1161,Eichstätt-Landershofen,Bayern,48.8777,11.2349,384.0,1955-2016,61,8.2,13.1,3.6,2.0,68.0,,732.0,2.0,32.6,,35.0,-17.2,9.5
217,1172,Einbeck,Niedersachsen,51.8189,9.8871,123.0,1949-1989,40,8.8,13.1,4.6,2.0,73.0,1330.0,660.0,2.0,32.1,,34.0,-17.4,8.5
218,1182,Eisleben-Helfta,Sachsen-Anhalt,51.5029,11.5705,146.0,1904-2001,97,8.5,12.8,4.3,2.0,66.0,1442.0,489.0,3.0,32.3,,32.0,-16.0,8.5
219,1188,Elgersburg,Thüringen,50.7041,10.8576,518.0,1937-1974,37,6.7,10.7,3.3,2.0,69.0,1671.0,730.0,3.0,30.9,,37.0,-16.4,7.4
220,1197,Ellwangen-Rindelbach,Baden-Württemberg,48.9895,10.1312,460.0,1931-2016,85,8.0,13.1,3.4,1.0,64.0,1566.0,829.0,2.0,32.8,,39.0,-17.7,9.7
222,1201,Elsdorf/Erftkreis,Nordrhein-Westfalen,50.9281,6.5646,85.0,1947-2000,53,10.0,14.3,5.8,2.0,64.0,1467.0,704.0,3.0,32.8,,35.0,-12.4,8.5
223,1204,Elsfleth,Niedersachsen,53.2346,8.4612,1.0,1881-1965,84,8.5,12.3,4.7,2.0,66.0,1512.0,716.0,3.0,30.6,,34.0,-13.4,7.6
224,1207,Elster. Bad-Sohl,Sachsen,50.2705,12.2742,560.0,1881-2016,135,6.6,11.4,2.5,2.0,71.0,1358.0,764.0,2.0,31.5,,39.0,-19.4,8.9
226,1219,Emden-Nesserland,Niedersachsen,53.3449,7.1909,5.0,1854-1997,143,8.7,12.1,5.5,3.0,68.0,1497.0,739.0,4.0,30.6,31.8,31.0,-10.1,6.6
228,1224,Emmendingen-Mundingen,Baden-Württemberg,48.1378,7.8351,201.0,1975-2016,41,10.1,15.2,5.4,1.0,67.0,,861.0,2.0,33.9,,42.0,-13.6,9.8
230,1229,Ems. Bad,Rheinland-Pfalz,50.3324,7.6975,90.0,1947-1997,50,9.6,14.0,5.5,1.0,72.0,,733.0,2.0,32.7,,34.0,-12.9,8.4
231,1238,Engelskirchen,Nordrhein-Westfalen,50.9884,7.425,144.0,1950-1996,46,8.9,13.6,4.5,2.0,69.0,1332.0,1174.0,2.0,31.9,,44.0,-14.4,9.1
233,1243,Eningen,Baden-Württemberg,48.4734,9.3028,705.0,1929-1985,56,6.5,11.4,2.7,2.0,66.0,1606.0,940.0,3.0,30.2,,53.0,-19.1,8.8
235,1254,Eppingen,Baden-Württemberg,49.1307,8.9165,210.0,1947-2002,55,9.6,14.0,5.5,2.0,63.0,,762.0,2.0,33.0,,41.0,-14.9,8.6
238,1266,Erfde,Schleswig-Holstein,54.2992,9.3162,18.0,1957-2016,59,8.5,12.2,5.1,2.0,66.0,1583.0,820.0,3.0,30.7,,35.0,-12.3,7.1
239,1270,Erfurt-Weimar,Thüringen,50.9829,10.9608,316.0,1888-2016,128,8.2,12.5,4.0,3.0,67.0,1635.0,533.0,3.0,32.4,27.4,36.0,-16.4,8.4
242,1279,Möhrendorf-Kleinseebach,Bayern,49.6497,11.0074,268.0,1920-2016,96,8.8,13.7,4.4,2.0,66.0,1560.0,675.0,2.0,33.6,,39.0,-16.0,9.2
245,1292,Eschenbach/Oberpfalz,Bayern,49.7522,11.8222,470.0,1948-2006,58,7.6,11.9,3.5,2.0,65.0,,737.0,2.0,31.7,,36.0,-17.3,8.4
246,1297,Eschwege,Hessen,51.2041,10.0138,156.0,1947-2016,69,9.0,13.3,4.7,1.0,69.0,1368.0,616.0,2.0,32.8,,36.0,-15.6,8.6
248,1300,Eslohe,Nordrhein-Westfalen,51.254,8.1565,351.0,1931-2016,85,7.7,12.4,3.2,2.0,68.0,,1102.0,3.0,31.2,,42.0,-18.3,9.2
249,1303,Essen-Bredeney,Nordrhein-Westfalen,51.4041,6.9677,150.0,1887-2016,129,9.7,13.3,6.3,3.0,69.0,1499.0,914.0,3.0,31.9,28.0,37.0,-10.5,7.0
250,1327,Weilerswist-Lommersum,Nordrhein-Westfalen,50.7119,6.791,146.0,1937-2016,79,9.8,14.1,5.7,2.0,67.0,1479.0,587.0,3.0,33.3,,34.0,-13.4,8.4
251,1329,Eutin,Schleswig-Holstein,54.134,10.5865,50.0,1881-2003,122,8.1,11.8,4.7,3.0,67.0,,729.0,4.0,30.7,,34.0,-13.1,7.1
252,1332,Falkenberg.Kr.Rottal-Inn,Bayern,48.4832,12.724,472.0,1936-2016,80,8.6,12.6,4.6,2.0,62.0,,820.0,3.0,32.2,,43.0,-14.7,8.0
256,1346,Feldberg/Schwarzwald,Baden-Württemberg,47.8749,8.0038,1490.0,1921-2016,95,3.5,6.3,1.0,4.0,70.0,1646.0,1774.0,6.0,23.5,47.0,65.0,-16.9,5.4
257,1357,Fichtelberg/Oberfranken-Hüttstadl,Bayern,49.9807,11.8376,654.0,1946-2016,70,6.1,10.2,2.7,2.0,68.0,,1123.0,3.0,29.7,21.5,46.0,-16.3,7.5
258,1358,Fichtelberg,Sachsen,50.4283,12.9535,1213.0,1890-2016,126,3.1,6.2,0.4,5.0,74.0,1462.0,1126.0,6.0,25.1,41.1,47.0,-18.0,5.8
261,1379,Flensburg (Schäferhaus),Schleswig-Holstein,54.7737,9.3752,41.0,1866-1985,119,8.1,11.3,4.6,3.0,66.0,1544.0,778.0,3.0,28.7,29.6,37.0,-14.8,6.8
266,1411,Birx/Rhön,Thüringen,50.5309,10.048,745.0,1886-2016,130,5.6,9.2,2.2,2.0,65.0,,939.0,3.0,28.9,,36.0,-14.6,7.0
267,1420,Frankfurt/Main,Hessen,50.0259,8.5213,100.0,1935-2016,81,9.8,14.2,5.4,2.0,67.0,1620.0,642.0,3.0,34.0,25.8,34.0,-13.0,8.8
269,1424,Frankfurt/Main-Westend,Hessen,50.1269,8.6694,124.0,1985-2016,31,11.0,15.0,7.3,1.0,64.0,268.0,635.0,2.0,34.6,,31.0,-9.5,7.7
270,1425,Frankfurt/Main (Feldbergstr.),Hessen,50.1213,8.6601,109.0,1757-1961,204,9.8,14.1,6.1,2.0,64.0,1519.0,631.0,3.0,33.3,,35.0,-12.8,8.0
271,1426,Frankfurt/Oder,Brandenburg,52.3397,14.508,65.0,1851-1984,133,8.6,12.7,4.8,2.0,67.0,1586.0,531.0,3.0,33.3,29.7,39.0,-16.2,8.2
273,1440,Freiamt-Ottoschwanden,Baden-Württemberg,48.2018,7.9336,481.0,1971-2003,32,9.7,13.3,6.5,2.0,62.0,1680.0,1019.0,2.0,31.4,,46.0,-11.1,6.8
274,1441,Freiberg,Sachsen,50.9263,13.2711,416.0,1881-1993,112,7.6,11.3,4.2,3.0,61.0,,785.0,3.0,31.5,,43.0,-18.1,7.2
275,1443,Freiburg,Baden-Württemberg,48.0233,7.8344,236.0,1868-2016,148,10.4,14.8,6.7,2.0,68.0,1757.0,912.0,3.0,34.5,27.3,43.0,-11.3,8.5
276,1447,Freiburg im Breisgau-Herdern,Baden-Württemberg,48.013,7.8588,255.0,1934-1985,51,10.3,14.6,5.7,1.0,66.0,,951.0,1.0,33.4,,44.0,-12.2,8.8
277,1451,Freiburg/Elbe,Niedersachsen,53.8277,9.2493,2.0,1970-2016,46,8.9,12.6,5.3,3.0,66.0,1193.0,827.0,3.0,31.3,,33.0,-12.2,7.3
278,1468,Freudenstadt,Baden-Württemberg,48.4537,8.4091,796.0,1948-2016,68,6.8,10.7,3.5,2.0,67.0,1702.0,1575.0,3.0,29.5,29.0,68.0,-14.5,7.2
280,1488,Friedrichsbrunn,Sachsen-Anhalt,51.6884,11.0394,523.0,1932-1972,40,6.6,10.5,2.9,2.0,64.0,1492.0,708.0,3.0,29.5,,46.0,-16.6,7.6
281,1490,Friedrichshafen,Baden-Württemberg,47.6454,9.4795,394.0,1853-1980,127,8.8,12.9,4.9,2.0,68.0,1631.0,971.0,2.0,31.5,23.4,48.0,-13.4,8.0
282,1492,Malsburg-Marzell-Friedrichsheim,Baden-Württemberg,47.7819,7.7348,852.0,1928-2003,75,7.0,10.8,4.0,2.0,61.0,,1600.0,2.0,28.9,,62.0,-13.8,6.9
283,1503,Friesoythe-Altenoythe,Niedersachsen,53.0643,7.9022,6.0,1927-2016,89,9.0,13.0,5.0,2.0,70.0,1347.0,764.0,3.0,31.7,27.5,34.0,-13.0,8.1
285,1513,Fuchskauten,Rheinland-Pfalz,50.6588,8.1027,653.0,1907-1962,55,6.3,9.4,3.4,3.0,71.0,1575.0,1030.0,4.0,27.6,,40.0,-14.6,6.4
286,1522,Fürth/Bayern (A),Bayern,49.4811,10.964,313.0,1921-1955,34,8.3,13.3,3.4,2.0,65.0,1504.0,586.0,3.0,33.0,,41.0,-16.6,9.9
287,1526,Fulda-Horas,Hessen,50.5668,9.6533,242.0,1881-2011,130,8.1,12.7,3.8,1.0,70.0,1354.0,647.0,2.0,32.2,14.5,33.0,-17.3,9.0
288,1544,Gardelegen,Sachsen-Anhalt,52.5129,11.3941,47.0,1871-2016,145,8.7,13.1,4.2,2.0,68.0,1529.0,559.0,3.0,33.2,27.5,31.0,-17.0,8.9
289,1550,Garmisch-Partenkirchen,Bayern,47.4831,11.0623,719.0,1889-2016,127,6.9,12.7,2.4,1.0,67.0,1624.0,1316.0,1.0,31.4,17.9,55.0,-18.3,10.3
290,1552,Gartz/Oder,Brandenburg,53.2066,14.3817,13.0,1936-1996,60,6.8,3.3,,2.0,57.0,,513.0,2.0,20.5,,34.0,-17.8,7.3
291,1580,Geisenheim,Hessen,49.9859,7.9549,110.0,1884-2016,132,9.9,14.4,5.7,2.0,67.0,1617.0,530.0,2.0,33.5,25.2,30.0,-11.9,8.7
296,1590,Geldern-Walbeck,Nordrhein-Westfalen,51.4942,6.2463,37.0,1936-2016,80,10.0,14.0,6.2,2.0,63.0,1610.0,746.0,3.0,32.8,,34.0,-10.1,7.8
297,1593,Gelnhausen,Hessen,50.2027,9.1989,190.0,1899-1974,75,9.2,13.9,5.2,2.0,67.0,,770.0,2.0,32.5,,33.0,-14.4,8.7
298,1602,Ohlsbach,Baden-Württemberg,48.4329,7.9931,176.0,1888-2016,128,9.8,14.7,5.8,1.0,65.0,,1011.0,2.0,34.1,,45.0,-11.7,8.9
299,1605,Genthin,Sachsen-Anhalt,52.3875,12.1601,35.0,1953-2016,63,9.1,13.4,4.5,2.0,66.0,1405.0,505.0,3.0,33.8,25.7,30.0,-16.2,8.8
300,1612,Gera-Leumnitz,Thüringen,50.8813,12.1289,311.0,1952-2016,64,8.3,12.6,4.5,3.0,69.0,1632.0,612.0,3.0,32.8,29.9,42.0,-16.6,8.2
301,1617,Gernrode,Sachsen-Anhalt,51.7259,11.1317,210.0,1949-2007,58,8.9,13.0,4.5,3.0,64.0,,562.0,3.0,32.5,,40.0,-16.7,8.5
302,1619,Gernsheim,Hessen,49.7611,8.4876,90.0,1956-2005,49,10.2,14.8,6.0,1.0,64.0,1573.0,654.0,2.0,34.3,,38.0,-13.4,8.8
304,1638,Gießen (Lahntal),Hessen,50.591,8.6551,158.0,1935-1984,49,8.6,12.8,4.0,1.0,66.0,,600.0,2.0,31.6,,31.0,-16.3,8.9
305,1639,Gießen/Wettenberg,Hessen,50.6017,8.6439,203.0,1901-2016,115,9.2,13.4,5.0,2.0,68.0,1583.0,624.0,2.0,32.9,27.2,33.0,-13.9,8.4
306,1645,Gilserberg-Moischeid,Hessen,50.9656,9.05,340.0,1948-2016,68,7.9,12.2,3.6,2.0,66.0,,727.0,2.0,31.2,,35.0,-16.6,8.6
308,1667,Glückstadt,Schleswig-Holstein,53.797,9.4295,1.0,1881-2006,125,8.8,12.5,5.4,2.0,66.0,1608.0,744.0,3.0,31.4,,33.0,-13.0,7.1
309,1684,Görlitz,Sachsen,51.1622,14.9506,238.0,1881-2016,135,8.4,12.6,4.7,3.0,68.0,1724.0,681.0,4.0,32.4,29.5,40.0,-17.3,8.0
310,1689,Gößweinstein,Bayern,49.7656,11.3061,443.0,1914-2004,90,7.5,11.9,3.4,2.0,65.0,,873.0,2.0,31.2,,40.0,-18.4,8.5
311,1691,Göttingen,Niedersachsen,51.5003,9.9506,167.0,1857-2016,159,8.7,13.0,4.5,2.0,70.0,1500.0,608.0,3.0,32.7,25.8,35.0,-16.0,8.5
312,1694,Goldberg,Mecklenburg-Vorpommern,53.606,12.1033,58.0,1947-2016,69,8.4,12.1,4.7,3.0,68.0,1486.0,559.0,3.0,31.4,28.6,30.0,-15.0,7.4
314,1735,Grainet-Rehberg,Bayern,48.7893,13.6291,628.0,1957-2016,59,7.2,12.0,3.2,1.0,64.0,1669.0,1081.0,2.0,31.3,,45.0,-16.8,8.7
315,1736,Grambek,Schleswig-Holstein,53.5731,10.6797,27.0,1937-2016,79,8.5,12.7,4.4,2.0,66.0,1421.0,678.0,3.0,32.1,,32.0,-15.1,8.3
316,1748,Grebenhain-Herchenhain,Hessen,50.4788,9.262,608.0,1921-2005,84,6.6,9.9,3.7,2.0,68.0,,1247.0,3.0,28.5,,49.0,-14.2,6.2
317,1757,Greifswald,Mecklenburg-Vorpommern,54.0967,13.4056,2.0,1898-2016,118,8.3,11.9,4.9,3.0,65.0,1692.0,581.0,3.0,31.0,28.5,32.0,-14.3,7.0
318,1758,Greifswald-Wieck,Mecklenburg-Vorpommern,54.1,13.45,2.0,1939-1977,38,7.9,11.6,4.8,3.0,68.0,1684.0,,4.0,30.3,31.0,,-14.7,6.7
319,1759,Greifswalder Oie,Mecklenburg-Vorpommern,54.2437,13.9102,12.0,1947-2016,69,9.1,11.3,7.1,4.0,60.0,1632.0,505.0,5.0,26.9,31.8,34.0,-8.4,4.2
320,1761,Greiz,Thüringen,50.65,12.2,284.0,1897-1958,61,8.0,12.4,3.5,,,,,,33.6,,,-18.3,8.8
323,1803,Groß Lüsewitz,Mecklenburg-Vorpommern,54.0714,12.3238,34.0,1967-2016,49,8.3,12.2,4.5,3.0,66.0,1622.0,612.0,3.0,31.4,29.0,32.0,-15.4,7.7
324,1832,Großer Arber,Bayern,49.113,13.1342,1436.0,1982-2016,34,3.4,6.5,0.8,4.0,68.0,1571.0,1444.0,5.0,25.6,39.6,65.0,-17.3,5.7
325,1833,Grosser Falkenstein,Bayern,49.0851,13.2801,1307.0,1946-1982,36,3.4,7.1,0.8,3.0,67.0,1673.0,1301.0,4.0,26.3,18.9,56.0,-18.0,6.3
326,1834,Grosser Inselsberg,Thüringen,50.8519,10.4665,913.0,1887-1978,91,4.1,6.9,1.4,4.0,75.0,1405.0,,5.0,26.1,,,-16.0,5.5
330,1869,Grünow,Brandenburg,53.3153,13.9338,56.0,1973-2016,43,8.9,12.2,4.6,3.0,69.0,1356.0,452.0,4.0,32.4,29.0,34.0,-15.1,7.6
331,1875,Gschwend. Kr. Ostalb,Baden-Württemberg,48.9354,9.7364,492.0,1950-2002,52,8.0,12.6,3.7,1.0,64.0,,1054.0,2.0,31.7,,44.0,-16.8,8.9
332,1890,Güstrow-Schabernack,Mecklenburg-Vorpommern,53.7667,12.2167,30.0,1898-1950,52,7.9,12.4,4.3,,,,,,32.6,,,-17.0,8.0
333,1891,Rheda-Wiedenbrück-Lintel,Nordrhein-Westfalen,51.8771,8.3577,72.0,1835-2002,167,9.1,13.3,5.3,2.0,66.0,1155.0,758.0,3.0,32.6,,35.0,-13.0,8.0
335,1957,Halle-Kröllwitz,Sachsen-Anhalt,51.5138,11.9499,93.0,1851-2015,164,9.0,13.3,5.2,2.0,59.0,1328.0,454.0,3.0,32.8,23.6,34.0,-14.6,8.1
336,1960,Halle (Stadt),Sachsen-Anhalt,51.4831,11.9671,102.0,1851-1966,115,9.2,13.3,5.4,2.0,62.0,1709.0,482.0,2.0,33.1,,36.0,-14.7,8.0
337,1964,Olsdorf,Rheinland-Pfalz,49.9445,6.3821,328.0,1936-2016,80,8.8,13.3,4.4,2.0,69.0,,790.0,2.0,31.9,,36.0,-14.2,8.9
338,1972,Hamburg-Bergedorf,Hamburg,53.4793,10.2415,35.0,1912-1962,50,8.4,12.9,4.7,2.0,71.0,1655.0,711.0,3.0,33.0,,34.0,-13.9,8.2
340,1975,Hamburg-Fuhlsbüttel,Hamburg,53.6332,9.9881,11.0,1936-2016,80,8.9,12.7,5.0,3.0,69.0,1569.0,756.0,4.0,32.0,27.5,35.0,-14.0,7.7
341,1979,Hamburg-Kirchwerder,Hamburg,53.4213,10.1462,2.0,1937-2006,69,9.0,12.9,5.1,2.0,65.0,,679.0,3.0,32.3,,32.0,-13.6,7.8
342,1981,Hamburg-Neuwiedenthal,Hamburg,53.4777,9.8957,3.0,1957-2016,59,9.4,13.1,5.7,2.0,68.0,,720.0,3.0,32.5,,35.0,-12.8,7.4
344,1987,Hamburg-Sankt Pauli,Hamburg,53.5467,9.9662,47.0,1955-2000,45,9.4,12.6,6.3,3.0,68.0,1499.0,752.0,4.0,31.3,33.2,32.0,-10.8,6.3
345,1990,Hamburg-Wandsbek,Hamburg,53.5853,10.1293,18.0,1951-2006,55,9.0,12.6,5.6,2.0,69.0,1387.0,790.0,3.0,31.6,,34.0,-12.2,7.0
346,1993,Hameln,Niedersachsen,52.0848,9.3896,68.0,1927-2007,80,9.3,13.3,5.4,2.0,69.0,,720.0,2.0,32.2,25.5,34.0,-13.6,7.8
348,2005,Hankensbüttel,Niedersachsen,52.7199,10.5987,108.0,1961-1994,33,8.3,12.7,4.3,2.0,69.0,,709.0,3.0,32.0,,36.0,-15.3,8.4
349,2014,Hannover,Niedersachsen,52.4644,9.6779,55.0,1856-2016,160,9.1,13.3,5.1,3.0,69.0,1558.0,649.0,3.0,32.4,27.7,34.0,-14.6,8.2
351,2044,Harzgerode,Sachsen-Anhalt,51.652,11.1367,404.0,1889-2016,127,6.9,11.2,2.8,2.0,66.0,1489.0,590.0,3.0,30.6,27.2,36.0,-17.8,8.5
354,2069,Hausstein,Bayern,48.8629,13.067,648.0,1916-1975,59,7.3,11.4,3.9,2.0,61.0,1586.0,1406.0,2.0,31.0,,68.0,-14.1,7.5
355,2074,Hechingen,Baden-Württemberg,48.3751,8.9801,522.0,1881-2016,135,8.3,13.2,3.7,1.0,62.0,1702.0,803.0,2.0,32.7,,44.0,-16.2,9.5
356,2078,Weddingstedt,Schleswig-Holstein,54.2181,9.0853,10.0,1936-2002,66,8.4,12.0,4.9,2.0,66.0,,849.0,3.0,30.6,,36.0,-13.4,7.1
357,2080,Heidelberg,Baden-Württemberg,49.4206,8.6676,110.0,1871-2012,141,10.6,14.7,7.0,2.0,65.0,1514.0,753.0,2.0,34.3,,37.0,-11.2,7.7
358,2081,Königstuhl,Baden-Württemberg,49.3981,8.7251,561.0,1882-1960,78,7.5,10.8,4.6,2.0,66.0,1744.0,930.0,3.0,29.4,,48.0,-14.0,6.3
360,2088,Heidenheim/Brenz,Baden-Württemberg,48.6765,10.1307,498.0,1851-2005,154,7.4,12.2,2.8,1.0,67.0,1285.0,817.0,2.0,31.5,,38.0,-19.5,9.4
361,2092,Heidenrod-Mappershain,Hessen,50.1691,7.9949,496.0,1934-1990,56,7.5,11.3,4.4,2.0,67.0,1484.0,839.0,2.0,29.7,,42.0,-13.9,6.8
362,2095,Heilbronn,Baden-Württemberg,49.1448,9.2333,167.0,1872-2003,131,9.9,14.5,5.7,2.0,62.0,,721.0,2.0,34.0,,37.0,-12.9,8.8
363,2110,Heinsberg-Schleiden,Nordrhein-Westfalen,51.0411,6.1042,57.0,1937-2016,79,10.2,14.3,6.1,2.0,68.0,,693.0,3.0,33.3,,34.0,-10.8,8.2
364,2115,Helgoland,Schleswig-Holstein,54.175,7.892,4.0,1881-2016,135,8.9,10.8,7.1,4.0,67.0,1715.0,726.0,5.0,24.3,34.9,33.0,-5.3,3.7
365,2120,Helmstedt,Niedersachsen,52.2164,11.0219,140.0,1894-2006,112,8.7,12.7,4.8,2.0,66.0,1556.0,612.0,3.0,32.6,,34.0,-14.3,7.9
366,2122,Helse. Kr. Dithmarschen,Schleswig-Holstein,53.9701,9.0095,2.0,1951-2002,51,8.4,12.0,5.1,3.0,63.0,1531.0,795.0,3.0,30.0,20.8,34.0,-13.2,6.9
367,2147,Herford,Nordrhein-Westfalen,52.1264,8.6865,77.0,1881-2007,126,9.1,13.4,5.3,2.0,69.0,1500.0,795.0,2.0,32.7,,36.0,-13.0,8.1
368,2151,Herleshausen,Hessen,51.0048,10.1705,215.0,1938-1991,53,8.0,12.4,3.9,2.0,70.0,,652.0,2.0,32.5,,37.0,-16.8,8.5
371,2166,Herrnhut,Sachsen,51.0167,14.75,344.0,1951-1990,39,7.7,11.6,4.1,2.0,78.0,258.0,700.0,3.0,31.3,23.1,40.0,-16.8,7.6
372,2167,Niederwörresbach,Rheinland-Pfalz,49.7672,7.3356,302.0,1948-2012,64,8.2,13.2,3.5,2.0,65.0,,707.0,3.0,32.1,,34.0,-15.4,9.6
373,2171,Hersfeld. Bad,Hessen,50.8519,9.7378,272.0,1931-2016,85,8.6,13.2,4.2,2.0,70.0,1415.0,694.0,2.0,33.0,24.6,35.0,-15.6,9.0
374,2173,Herten,Nordrhein-Westfalen,51.589,7.1548,60.0,1976-2007,31,10.3,14.3,6.3,1.0,71.0,,940.0,2.0,33.3,,38.0,-11.0,8.0
377,2201,Hiddensee-Vitte,Mecklenburg-Vorpommern,54.575,13.1044,1.0,1931-2016,85,8.6,11.9,6.3,3.0,63.0,,596.0,4.0,29.5,,35.0,-10.8,5.6
378,2206,Hildesheim,Niedersachsen,52.1408,9.8838,117.0,1905-2008,103,9.0,13.0,5.1,2.0,65.0,,673.0,3.0,31.9,,36.0,-15.0,7.9
379,2211,Hilgenroth,Rheinland-Pfalz,50.7371,7.6528,295.0,1931-2016,85,8.7,12.9,4.8,2.0,64.0,,994.0,2.0,32.0,,38.0,-14.1,8.0
381,2225,Hinterhermsdorf,Sachsen,50.9167,14.3667,385.0,1881-1984,103,6.8,11.0,2.8,2.0,75.0,1372.0,851.0,3.0,30.9,,45.0,-18.6,8.5
383,2250,Höllenstein (Kraftwerk),Bayern,49.1279,12.8645,403.0,1926-2006,80,6.9,11.8,2.6,1.0,65.0,,859.0,2.0,31.4,,41.0,-20.4,9.2
384,2252,Bertsdorf-Hörnitz,Sachsen,50.899,14.7457,270.0,1881-2016,135,8.1,12.9,3.9,2.0,70.0,1659.0,626.0,2.0,32.2,24.2,43.0,-18.9,9.0
385,2260,Hof (Stadt),Bayern,50.323,11.9077,474.0,1949-2006,57,7.2,11.5,2.8,2.0,70.0,,693.0,2.0,31.8,,35.0,-20.2,8.6
386,2261,Hof,Bayern,50.3122,11.8761,565.0,1946-2016,70,6.6,10.9,2.9,2.0,69.0,1593.0,718.0,3.0,30.9,27.2,36.0,-18.4,8.0
387,2264,Hofgeismar-Beberbeck,Hessen,51.5337,9.4786,242.0,1936-2002,66,7.8,11.9,3.9,1.0,71.0,1230.0,802.0,2.0,31.1,,37.0,-18.1,8.0
388,2268,Hofheim,Bayern,50.1352,10.5156,263.0,1936-2006,70,8.5,13.1,3.9,2.0,63.0,,640.0,2.0,33.0,,32.0,-17.0,9.2
390,2290,Hohenpeißenberg,Bayern,47.8009,11.0108,977.0,1781-2016,235,6.3,10.2,3.3,3.0,66.0,1816.0,1046.0,4.0,28.4,38.5,46.0,-15.8,6.9
392,2303,Hohn,Schleswig-Holstein,54.3146,9.539,10.0,1936-2016,80,8.3,11.7,4.3,3.0,67.0,1523.0,780.0,3.0,31.0,28.8,33.0,-14.2,7.4
393,2306,Hohwacht,Schleswig-Holstein,54.3194,10.6732,8.0,1977-2016,39,8.9,12.1,5.7,2.0,60.0,,684.0,3.0,30.0,,34.0,-10.9,6.4
396,2319,Holzkirchen,Bayern,47.8823,11.6962,685.0,1952-2016,64,7.3,12.4,3.1,2.0,65.0,,1304.0,3.0,31.4,,52.0,-16.4,9.3
397,2323,Bevern. Kr. Holzminden,Niedersachsen,51.8529,9.4953,110.0,1934-2016,82,9.0,13.4,5.0,2.0,69.0,1107.0,766.0,3.0,32.5,,34.0,-13.9,8.3
398,2327,Homberg/Ohm,Hessen,50.7316,9.0032,250.0,1950-2000,50,8.3,12.8,4.1,1.0,69.0,,735.0,2.0,31.5,,34.0,-16.3,8.8
399,2331,Homburg/Saar,Saarland,49.3283,7.3561,235.0,1952-2002,50,9.0,13.9,4.6,1.0,64.0,,865.0,2.0,33.1,,38.0,-14.1,9.3
402,2349,Hornisgrinde,Baden-Württemberg,48.6136,8.2034,1119.0,1937-2005,68,4.7,8.2,2.2,3.0,70.0,1544.0,1995.0,4.0,27.0,,76.0,-15.7,6.1
404,2360,Hüll,Bayern,48.6018,11.6769,438.0,1926-1978,52,7.4,12.5,2.3,2.0,64.0,1619.0,810.0,2.0,31.5,,42.0,-22.0,10.2
405,2362,Hümmerich,Rheinland-Pfalz,50.5651,7.4843,328.0,1982-2016,34,8.8,12.5,5.4,2.0,69.0,,792.0,2.0,30.7,,37.0,-10.9,7.1
406,2374,Husum,Schleswig-Holstein,54.4752,9.0564,3.0,1881-1974,93,8.0,11.5,4.7,3.0,67.0,1572.0,788.0,4.0,30.3,27.8,35.0,-13.5,6.8
409,2396,Ilsenburg,Sachsen-Anhalt,51.8667,10.6833,260.0,1887-1950,63,7.5,11.7,3.6,,,,,,32.6,,,-16.8,8.0
411,2409,Ingolstadt (Flussmeisterstelle),Bayern,48.7662,11.4539,360.0,1912-1953,41,8.4,13.3,3.6,1.0,63.0,1673.0,659.0,2.0,33.8,,36.0,-17.8,9.7
414,2422,Iserlohn-Westig,Nordrhein-Westfalen,51.3768,7.7644,230.0,1931-1978,47,8.7,12.7,4.8,2.0,63.0,1304.0,921.0,2.0,31.3,,38.0,-14.6,7.9
417,2444,Jena (Sternwarte),Thüringen,50.9251,11.583,155.0,1824-2016,192,8.8,13.7,4.5,2.0,68.0,1461.0,580.0,2.0,33.5,15.5,35.0,-17.6,9.2
418,2451,Jessen/Elster,Sachsen-Anhalt,51.7954,12.9583,77.0,1954-2001,47,9.0,14.3,5.6,2.0,64.0,,537.0,3.0,35.1,,31.0,-14.5,8.7
419,2456,Jever,Niedersachsen,53.5322,7.8806,7.0,1873-2005,132,8.5,12.3,5.1,3.0,66.0,1556.0,784.0,4.0,30.7,30.1,34.0,-12.5,7.1
420,2464,Jork,Niedersachsen,53.5316,9.6752,1.0,1936-1990,54,8.2,12.6,4.4,2.0,66.0,1496.0,721.0,3.0,31.0,26.2,34.0,-15.1,8.1
421,2474,Jülich (Forsch.-Anlage),Nordrhein-Westfalen,50.9104,6.4093,91.0,1976-2008,32,10.1,14.5,6.2,2.0,67.0,1558.0,700.0,3.0,33.2,27.8,32.0,-11.1,8.3
422,2475,Jüterbog,Brandenburg,52.0006,13.1022,75.0,1924-1980,56,8.5,13.2,4.4,1.0,60.0,1697.0,555.0,2.0,32.7,,37.0,-16.4,8.7
423,2480,Kahl/Main,Bayern,50.0643,8.993,107.0,1895-2016,121,9.6,14.6,5.2,2.0,67.0,,678.0,2.0,34.3,,33.0,-13.4,9.4
424,2483,Kahler Asten,Nordrhein-Westfalen,51.1803,8.4891,839.0,1919-2016,97,5.1,8.2,2.5,4.0,75.0,1380.0,1422.0,4.0,27.3,33.6,47.0,-14.9,5.8
426,2486,Kaiserslautern,Rheinland-Pfalz,49.4262,7.7557,271.0,1881-2016,135,8.9,13.4,4.7,2.0,69.0,1383.0,681.0,2.0,32.3,22.7,32.0,-14.1,8.7
427,2488,Kaisheim-Neuhof,Bayern,48.7701,10.7876,516.0,1894-2002,108,7.3,12.1,3.2,2.0,65.0,,766.0,2.0,31.2,,36.0,-16.6,8.9
429,2497,Kall-Sistig,Nordrhein-Westfalen,50.5014,6.5264,505.0,1947-2016,69,7.6,11.6,4.1,2.0,70.0,1530.0,812.0,3.0,30.2,27.0,38.0,-13.9,7.5
431,2503,Kaltennordheim,Thüringen,50.6266,10.1455,487.0,1951-2003,52,6.8,10.6,2.9,2.0,72.0,1427.0,749.0,3.0,29.3,27.5,35.0,-17.9,7.7
432,2506,Kamenz,Sachsen,51.2667,14.0833,270.0,1923-1963,40,8.4,12.1,4.5,,,,706.0,,32.1,,38.0,-17.7,7.6
433,2521,Karlshuld,Bayern,48.6765,11.2961,374.0,1895-1994,99,7.6,13.1,2.5,2.0,68.0,1528.0,683.0,2.0,32.1,,40.0,-20.1,10.5
434,2522,Karlsruhe,Baden-Württemberg,49.0382,8.3641,112.0,1851-2008,157,10.2,14.6,6.0,2.0,66.0,1734.0,794.0,3.0,33.6,27.9,40.0,-13.6,8.6
435,2532,Kassel,Hessen,51.2963,9.4424,231.0,1951-2013,62,9.1,13.2,5.4,2.0,70.0,1482.0,685.0,2.0,32.5,24.1,35.0,-13.5,7.8
436,2533,Kassel-Harleshausen,Hessen,51.334,9.4506,198.0,1863-1977,114,8.6,12.5,4.8,2.0,73.0,1418.0,620.0,3.0,31.8,,32.0,-14.4,7.7
437,2542,Kaufbeuren,Bayern,47.8652,10.6007,716.0,1939-2016,77,7.2,12.0,2.6,2.0,68.0,,1124.0,2.0,31.0,10.8,56.0,-18.4,9.4
438,2543,Kaufering,Bayern,48.0916,10.8609,585.0,1968-2008,40,8.1,12.5,4.1,1.0,68.0,1518.0,980.0,2.0,31.6,,50.0,-16.4,8.5
440,2559,Kempten,Bayern,47.7233,10.3348,705.0,1951-2016,65,7.2,12.5,2.7,2.0,66.0,1751.0,1238.0,2.0,31.0,24.2,52.0,-20.1,9.8
441,2564,Kiel-Holtenau,Schleswig-Holstein,54.3761,10.1433,27.0,1986-2016,30,9.3,12.9,5.9,3.0,66.0,1555.0,733.0,3.0,30.2,28.6,38.0,-10.0,7.0
442,2565,Kiel-Kronshagen,Schleswig-Holstein,54.3378,10.0929,17.0,1880-1988,108,8.1,11.3,5.2,3.0,68.0,1609.0,729.0,3.0,29.9,26.7,33.0,-12.5,6.7
444,2578,Kirchdorf/Poel,Mecklenburg-Vorpommern,53.9995,11.4341,12.0,1865-2016,151,8.4,12.0,5.4,3.0,63.0,,547.0,4.0,31.5,,35.0,-12.0,6.6
445,2597,Kissingen. Bad,Bayern,50.2241,10.0792,282.0,1881-2016,135,8.5,13.4,4.1,2.0,68.0,1520.0,700.0,2.0,33.5,22.8,33.0,-15.2,9.3
446,2600,Kitzingen,Bayern,49.7363,10.1781,188.0,1940-2016,76,9.4,14.3,4.9,2.0,63.0,,580.0,2.0,35.0,,32.0,-13.9,9.3
447,2601,Kleiner Feldberg/Taunus,Hessen,50.2218,8.4469,826.0,1905-2016,111,5.6,8.8,3.0,3.0,71.0,1426.0,956.0,4.0,27.4,28.5,40.0,-14.5,5.8
452,2629,Kleve,Nordrhein-Westfalen,51.7612,6.0954,46.0,1851-2016,165,9.4,13.6,5.6,2.0,67.0,1395.0,774.0,3.0,32.1,,35.0,-10.4,8.0
453,2638,Klippeneck,Baden-Württemberg,48.1054,8.7549,973.0,1927-2016,89,6.4,10.3,3.2,3.0,65.0,1787.0,857.0,3.0,29.3,32.2,43.0,-15.3,7.1
455,2654,Knittlingen,Baden-Württemberg,49.0265,8.7554,200.0,1927-1983,56,9.5,14.4,4.8,1.0,64.0,,761.0,2.0,33.0,,38.0,-14.7,9.6
456,2657,Koblenz-Horchheim,Rheinland-Pfalz,50.3369,7.5992,85.0,1913-2008,95,10.6,14.6,6.6,1.0,74.0,,630.0,2.0,33.5,,36.0,-10.7,8.0
457,2665,Köln-Botanischer Garten,Nordrhein-Westfalen,50.9615,6.9712,45.0,1851-1984,133,10.3,14.1,6.7,2.0,67.0,1394.0,700.0,3.0,33.4,,35.0,-10.9,7.4
458,2667,Köln-Bonn,Nordrhein-Westfalen,50.8646,7.1575,92.0,1957-2016,59,10.1,14.5,5.6,2.0,68.0,1515.0,797.0,3.0,33.4,26.3,36.0,-13.3,9.0
459,2680,Königshofen. Bad,Bayern,50.284,10.4456,288.0,1947-2016,69,8.5,13.3,3.6,2.0,64.0,926.0,611.0,2.0,33.0,,32.0,-18.1,9.6
462,2700,Kösching,Bayern,48.8302,11.4872,416.0,1961-2016,55,8.3,12.9,4.4,2.0,74.0,1678.0,705.0,3.0,32.8,,33.0,-15.8,8.5
463,2701,Kösen. Bad,Sachsen-Anhalt,51.1329,11.7252,136.0,1931-2007,76,8.9,13.7,5.0,2.0,63.0,1573.0,549.0,3.0,32.3,,35.0,-14.8,8.8
465,2704,Köthen (Anhalt),Sachsen-Anhalt,51.7511,12.0094,76.0,1923-2016,93,9.0,13.5,4.8,2.0,67.0,,516.0,3.0,34.1,,34.0,-14.8,8.8
467,2712,Konstanz,Baden-Württemberg,47.6774,9.1901,442.0,1972-2016,44,9.6,14.0,6.0,2.0,71.0,1661.0,836.0,2.0,32.8,26.7,46.0,-9.9,8.0
469,2750,Kronach,Bayern,50.2523,11.3209,312.0,1947-2016,69,8.4,12.9,4.0,2.0,74.0,1359.0,790.0,2.0,33.1,,37.0,-16.6,8.9
470,2761,Krumbach-Edenhausen,Bayern,48.251,10.4163,520.0,1949-1990,41,7.6,12.3,3.2,2.0,69.0,1583.0,918.0,2.0,31.3,,45.0,-18.9,9.1
473,2775,Künzelsau,Baden-Württemberg,49.2795,9.6925,225.0,1931-1980,49,8.8,14.0,4.4,1.0,64.0,,853.0,2.0,33.2,,38.0,-15.0,9.6
477,2794,Kyritz,Brandenburg,52.9363,12.4093,40.0,1887-2016,129,8.5,13.3,4.6,3.0,71.0,1324.0,551.0,3.0,34.0,28.2,32.0,-14.1,8.7
479,2812,Lahr,Baden-Württemberg,48.3647,7.828,155.0,1949-2016,67,10.5,15.1,6.2,2.0,67.0,1769.0,853.0,2.0,34.3,25.4,38.0,-12.4,9.0
480,2814,Merklingen,Baden-Württemberg,48.5121,9.7645,685.0,1949-2016,67,7.0,11.3,3.0,2.0,66.0,1644.0,944.0,2.0,30.2,,42.0,-17.6,8.3
483,2830,Landsberg/Lech,Bayern,48.0349,10.8709,602.0,1926-1967,41,7.2,11.4,2.7,1.0,66.0,,1027.0,2.0,30.8,,49.0,-18.7,8.7
484,2831,Landshut,Bayern,48.5357,12.1132,393.0,1881-2008,127,7.8,13.0,3.1,2.0,65.0,1463.0,715.0,2.0,32.3,,39.0,-16.9,9.9
486,2857,Langensalza. Bad,Thüringen,51.1173,10.6568,175.0,1881-1958,77,8.9,13.7,4.1,,,,541.0,,33.1,,34.0,-17.0,9.6
487,2861,Langeoog,Niedersachsen,53.7445,7.4775,5.0,1930-1986,56,8.8,11.2,6.1,4.0,69.0,1530.0,743.0,4.0,28.7,,31.0,-9.1,5.1
489,2878,Lauchstädt. Bad,Sachsen-Anhalt,51.3912,11.8785,119.0,1949-2007,58,9.2,13.4,5.0,2.0,65.0,1482.0,476.0,3.0,33.1,,35.0,-15.6,8.4
490,2879,Lauda-Königshofen-Gerlachsheim,Baden-Württemberg,49.5781,9.7142,199.0,1948-1985,37,9.0,13.9,4.3,1.0,65.0,,643.0,2.0,33.4,,37.0,-17.4,9.6
493,2906,Leck (A),Schleswig-Holstein,54.775,8.9808,5.0,1945-1975,30,7.5,11.2,4.2,2.0,68.0,1652.0,855.0,3.0,28.0,,37.0,-14.5,7.0
494,2907,Leck,Schleswig-Holstein,54.7903,8.9514,7.0,1974-2016,42,8.4,11.8,4.7,3.0,66.0,1503.0,778.0,4.0,29.4,30.3,32.0,-13.6,7.2
499,2925,Leinefelde,Thüringen,51.3933,10.3123,356.0,1957-2016,59,7.9,11.9,4.3,2.0,71.0,1551.0,682.0,3.0,31.3,26.5,33.0,-15.5,7.6
500,2928,Leipzig-Holzhausen,Sachsen,51.3151,12.4462,138.0,1851-2016,165,9.1,13.1,5.2,2.0,66.0,1533.0,606.0,2.0,32.8,24.5,37.0,-15.0,7.9
502,2932,Leipzig/Halle,Sachsen,51.4348,12.2396,131.0,1934-2016,82,9.1,13.3,5.1,3.0,66.0,1612.0,511.0,4.0,33.2,28.8,33.0,-14.8,8.1
503,2947,Lennestadt-Theten,Nordrhein-Westfalen,51.1334,8.0352,286.0,1962-2016,54,8.4,13.0,4.2,2.0,70.0,1383.0,1031.0,3.0,32.3,,38.0,-15.2,8.8
504,2949,Lenningen-Schopfloch,Baden-Württemberg,48.5396,9.5275,758.0,1851-2002,151,7.1,10.7,4.0,3.0,67.0,1753.0,1025.0,3.0,29.3,,45.0,-14.4,6.7
505,2950,Lensahn,Schleswig-Holstein,54.219,10.8844,14.0,1962-2006,44,8.7,12.2,5.2,2.0,67.0,,700.0,3.0,30.3,,34.0,-12.7,7.0
508,2963,Leunawerke,Sachsen-Anhalt,51.3167,12.0333,92.0,1929-1966,37,9.8,13.7,6.1,2.0,62.0,1667.0,,3.0,33.9,,,-15.1,7.6
509,2968,Köln-Stammheim,Nordrhein-Westfalen,50.9894,6.9777,43.0,1903-2016,113,10.5,14.3,6.7,2.0,68.0,1420.0,715.0,3.0,33.2,,34.0,-9.7,7.6
512,3001,Liliental,Baden-Württemberg,48.0674,7.677,284.0,1949-1990,41,8.9,13.8,4.7,2.0,63.0,1395.0,823.0,2.0,32.1,,39.0,-13.8,9.1
513,3004,Limburg/Lahn-Offheim,Hessen,50.4116,8.0605,185.0,1947-1999,52,9.4,14.2,5.0,1.0,65.0,1428.0,643.0,2.0,33.0,,33.0,-14.1,9.2
514,3007,Limburgerhof,Rheinland-Pfalz,49.4111,8.398,96.0,1922-1955,33,9.8,15.0,5.4,2.0,62.0,1827.0,574.0,2.0,34.9,,32.0,-13.3,9.7
515,3015,Lindenberg,Brandenburg,52.2085,14.118,98.0,1906-2016,110,8.8,13.0,4.9,3.0,66.0,1657.0,556.0,3.0,33.5,27.7,33.0,-15.3,8.1
517,3018,Lindenfels-Winterkasten,Hessen,49.7117,8.7804,445.0,1923-2005,82,8.4,12.0,5.0,2.0,65.0,,1117.0,2.0,30.8,,47.0,-13.2,6.9
518,3023,Lingen,Niedersachsen,52.5181,7.3081,22.0,1855-2016,161,9.2,13.3,5.6,2.0,69.0,1437.0,751.0,3.0,32.1,27.7,35.0,-11.1,7.7
519,3028,Lippspringe. Bad,Nordrhein-Westfalen,51.7855,8.8388,157.0,1951-2016,65,9.2,13.2,5.5,2.0,70.0,1464.0,912.0,3.0,32.4,27.3,38.0,-13.7,7.7
520,3031,Lippstadt-Bökenförde,Nordrhein-Westfalen,51.6336,8.3945,92.0,1980-2016,36,9.9,14.1,5.6,2.0,67.0,1548.0,780.0,2.0,33.2,,36.0,-12.9,8.5
521,3032,List auf Sylt,Schleswig-Holstein,55.011,8.4125,26.0,1937-2016,79,8.7,11.1,6.5,4.0,67.0,1744.0,698.0,5.0,27.6,36.9,33.0,-8.6,4.6
522,3034,Lobenstein. Bad,Thüringen,50.4505,11.635,500.0,1938-2016,78,6.6,12.5,3.3,2.0,59.0,,800.0,3.0,33.1,,39.0,-16.6,9.3
524,3044,Löningen,Niedersachsen,52.7198,7.7472,22.0,1881-2016,135,8.8,13.0,4.7,2.0,74.0,1319.0,744.0,3.0,31.9,23.7,36.0,-13.1,8.3
526,3056,Lohr/Main-Steinbach,Bayern,50.0103,9.61,161.0,1903-2005,102,8.5,14.1,4.5,1.0,67.0,1525.0,771.0,2.0,34.1,,37.0,-16.0,9.7
527,3062,Lorch/Rhein,Hessen,50.0352,7.8197,100.0,1949-1989,40,9.3,14.2,4.9,1.0,67.0,,602.0,2.0,32.9,,35.0,-14.5,9.2
528,3076,Ludwigshafen-Mundenheim,Rheinland-Pfalz,49.4606,8.4246,95.0,1894-1956,62,10.3,14.6,6.1,2.0,60.0,1649.0,597.0,3.0,34.4,,36.0,-12.7,8.9
529,3082,Lübben,Brandenburg,51.9333,13.8833,56.0,1935-1974,39,8.9,13.6,4.7,2.0,66.0,,,4.0,34.0,,,-9.4,9.0
531,3085,Lübeck,Schleswig-Holstein,53.8773,10.6915,15.0,1950-1985,35,8.3,12.0,5.0,3.0,67.0,1627.0,644.0,3.0,30.8,31.0,30.0,-12.7,7.0
532,3086,Lübeck-Blankensee,Schleswig-Holstein,53.8025,10.6988,16.0,1939-2016,77,8.7,13.5,4.8,2.0,66.0,1507.0,656.0,3.0,33.5,27.6,34.0,-14.3,8.6
533,3088,Lübeck-Werft,Schleswig-Holstein,53.8953,10.704,5.0,1881-1973,92,8.3,12.0,4.8,3.0,63.0,,633.0,4.0,31.0,,29.0,-14.1,7.3
534,3093,Lüchow,Niedersachsen,52.9724,11.1374,17.0,1954-2016,62,8.9,13.1,4.5,2.0,69.0,1577.0,539.0,3.0,32.5,26.9,33.0,-15.2,8.5
535,3096,Lüdenscheid (Zeppelin-Gymnasium),Nordrhein-Westfalen,51.2131,7.6359,444.0,1922-1995,73,7.8,11.4,4.8,3.0,72.0,1398.0,1235.0,3.0,30.4,34.3,45.0,-12.5,6.6
537,3101,Lüdinghausen,Nordrhein-Westfalen,51.7694,7.4128,58.0,1949-1995,46,9.6,13.8,5.2,2.0,68.0,1425.0,803.0,3.0,32.0,,35.0,-12.9,8.6
538,3103,Lüneburg,Niedersachsen,53.2657,10.424,11.0,1855-1997,142,8.6,12.7,4.6,2.0,66.0,1556.0,620.0,3.0,32.1,24.4,30.0,-14.8,8.2
540,3126,Magdeburg,Sachsen-Anhalt,52.1029,11.5827,76.0,1834-2016,182,9.1,13.4,5.0,2.0,66.0,1634.0,505.0,3.0,33.4,27.1,31.0,-14.9,8.5
542,3137,Mainz-Lerchenberg (ZDF),Rheinland-Pfalz,49.9656,8.2139,195.0,1881-2016,135,10.1,14.2,6.2,1.0,66.0,1472.0,559.0,2.0,33.9,22.6,30.0,-11.0,8.0
544,3147,Mallersdorf-Pfaffenberg/Niederbayern,Bayern,48.7726,12.2177,418.0,1951-2016,65,8.2,12.8,3.9,2.0,66.0,,660.0,2.0,32.2,,36.0,-18.0,8.9
545,3155,Manderscheid-Sonnenhof,Rheinland-Pfalz,50.1015,6.8009,413.0,1937-2016,79,8.0,12.2,4.1,2.0,66.0,1484.0,884.0,2.0,31.2,,36.0,-13.6,8.3
546,3158,Manschnow,Brandenburg,52.5468,14.5452,12.0,1985-2016,31,9.3,13.5,4.8,3.0,66.0,1647.0,464.0,3.0,33.9,27.0,32.0,-15.5,8.8
548,3164,Cölbe. Kr. Marburg-Biedenkopf,Hessen,50.8492,8.7746,187.0,1881-2016,135,8.6,12.8,4.4,2.0,66.0,1361.0,662.0,2.0,32.6,,32.0,-14.0,8.4
549,3166,Marienberg,Sachsen,50.651,13.1469,639.0,1956-2016,60,6.7,10.7,3.2,2.0,72.0,1329.0,853.0,3.0,29.8,26.4,44.0,-17.9,7.5
550,3167,Marienberg. Bad,Rheinland-Pfalz,50.662,7.9602,547.0,1962-2016,54,7.1,10.5,4.2,3.0,72.0,1471.0,1109.0,3.0,29.0,26.3,43.0,-12.9,6.3
551,3170,Marienleuchte,Schleswig-Holstein,54.4937,11.2405,5.0,1907-2010,103,8.1,10.6,5.4,,,,549.0,,,,30.0,,5.3
552,3196,Marnitz,Mecklenburg-Vorpommern,53.3223,11.9319,81.0,1881-2016,135,8.1,12.3,4.5,2.0,69.0,1503.0,660.0,3.0,32.3,26.1,34.0,-15.1,7.8
555,3212,Mayen,Rheinland-Pfalz,50.3249,7.23,230.0,1959-2002,43,9.1,13.6,4.8,2.0,65.0,,582.0,3.0,32.7,,31.0,-13.6,8.9
557,3223,Meersburg,Baden-Württemberg,47.6985,9.2753,460.0,1881-1977,96,8.9,12.8,5.2,1.0,66.0,,845.0,2.0,31.6,,48.0,-12.3,7.6
560,3231,Meiningen,Thüringen,50.5612,10.3771,450.0,1878-2016,138,7.7,11.9,3.7,2.0,70.0,1519.0,660.0,3.0,31.6,26.2,31.0,-15.1,8.1
561,3234,Garsebach bei Meißen,Sachsen,51.1294,13.4327,157.0,1956-2016,60,8.8,13.2,4.8,3.0,60.0,,629.0,4.0,33.0,,40.0,-16.0,8.3
563,3244,Memmingen,Bayern,47.982,10.1384,615.0,1939-2016,77,7.7,12.3,3.6,2.0,67.0,1617.0,974.0,2.0,31.9,22.4,49.0,-17.1,8.8
567,3257,Mergentheim. Bad-Neunkirchen,Baden-Württemberg,49.4773,9.7622,250.0,1881-2016,135,8.9,13.8,4.5,2.0,67.0,930.0,672.0,2.0,34.0,,35.0,-16.5,9.4
569,3271,Metten,Bayern,48.8548,12.9187,313.0,1906-2016,110,8.0,13.1,3.4,1.0,69.0,1722.0,936.0,2.0,32.7,,42.0,-18.0,9.7
576,3307,Mittenwald-Buckelwiesen,Bayern,47.4779,11.2653,981.0,1901-2016,115,6.8,12.2,2.5,1.0,63.0,,1381.0,2.0,31.0,,61.0,-16.9,9.8
577,3313,Modautal-Neunkirchen,Hessen,49.7328,8.7771,508.0,1911-1972,61,7.8,10.7,4.9,3.0,66.0,,953.0,3.0,28.8,,41.0,-13.4,5.8
581,3340,Montabaur,Rheinland-Pfalz,50.4383,7.8061,265.0,1938-2016,78,8.6,13.2,4.0,2.0,68.0,,797.0,2.0,32.6,,37.0,-16.1,9.2
584,3366,Mühldorf,Bayern,48.2791,12.5024,406.0,1953-2016,63,8.2,13.2,3.6,2.0,68.0,1700.0,865.0,2.0,32.4,27.7,46.0,-19.4,9.6
586,3376,Müncheberg,Brandenburg,52.5176,14.1232,63.0,1929-2016,87,8.7,13.1,4.6,2.0,69.0,1670.0,543.0,3.0,33.4,24.1,38.0,-16.7,8.4
587,3379,München-Stadt,Bayern,48.1631,11.5429,515.0,1954-2016,62,9.5,13.6,5.5,2.0,65.0,1735.0,955.0,2.0,33.0,28.1,52.0,-13.8,8.1
588,3382,München-Bogenhausen,Bayern,48.1441,11.6,521.0,1801-1953,152,7.4,12.3,4.2,1.0,66.0,1781.0,830.0,2.0,31.4,,45.0,-13.7,8.1
589,3383,München-Botanischer Garten,Bayern,48.1635,11.5019,515.0,1879-1954,75,8.0,12.7,3.9,2.0,65.0,1642.0,920.0,2.0,31.8,,48.0,-17.4,8.8
590,3385,München-Nymphenburg,Bayern,48.166,11.5011,515.0,1955-1999,44,8.0,12.6,3.7,2.0,65.0,1675.0,930.0,2.0,31.6,,46.0,-17.0,8.9
592,3390,München-Riem,Bayern,48.1369,11.7094,529.0,1939-1992,53,7.7,12.5,3.3,2.0,66.0,1668.0,941.0,3.0,31.6,28.1,50.0,-18.7,9.0
593,3402,Münsingen-Apfelstetten,Baden-Württemberg,48.3851,9.4837,750.0,1881-2016,135,6.6,11.2,2.3,2.0,65.0,1593.0,895.0,3.0,30.7,24.3,39.0,-18.8,8.9
594,3404,Münster,Nordrhein-Westfalen,51.9494,7.5906,62.0,1853-1991,138,9.2,13.3,5.4,2.0,66.0,1499.0,740.0,3.0,32.1,26.8,33.0,-12.6,7.9
595,3425,Murrhardt,Baden-Württemberg,48.9729,9.5708,344.0,1925-2004,79,8.4,13.6,3.8,1.0,67.0,1568.0,1079.0,2.0,32.8,,48.0,-15.4,9.9
596,3426,Muskau. Bad,Sachsen,51.566,14.7009,125.0,1936-2016,80,8.6,13.3,4.1,2.0,64.0,1704.0,642.0,3.0,33.6,,38.0,-17.8,9.2
597,3432,Nagold,Baden-Württemberg,48.5667,8.7184,380.0,1924-1995,71,8.0,13.8,3.1,1.0,68.0,,789.0,2.0,32.7,,41.0,-17.2,10.6
598,3442,Nauheim. Bad,Hessen,50.3574,8.7506,148.0,1901-2016,115,9.2,13.5,5.1,2.0,64.0,,589.0,3.0,32.6,,32.0,-13.3,8.4
599,3478,Neubrandenburg,Mecklenburg-Vorpommern,53.5468,13.1914,81.0,1927-2005,78,8.1,12.0,4.7,3.0,67.0,1549.0,500.0,4.0,31.6,32.7,33.0,-14.7,7.3
602,3486,Neudenau,Baden-Württemberg,49.2931,9.2722,212.0,1948-2004,56,9.7,14.5,5.4,1.0,59.0,,786.0,2.0,34.0,,36.0,-14.2,9.1
603,3490,Neuenahr. Bad-Ahrweiler,Rheinland-Pfalz,50.5346,7.0853,111.0,1929-2016,87,9.9,14.8,5.3,1.0,65.0,1431.0,650.0,2.0,33.9,,35.0,-13.0,9.1
606,3513,Neuhaus am Rennweg,Thüringen,50.5002,11.1344,845.0,1891-2016,125,5.5,9.2,2.4,3.0,72.0,1492.0,1166.0,3.0,29.0,28.0,50.0,-15.1,6.6
609,3527,Neukirchen-Hauptschwenda,Hessen,50.8923,9.405,500.0,1890-2016,126,6.9,10.6,3.4,3.0,68.0,1313.0,801.0,3.0,30.2,,36.0,-15.7,7.3
611,3537,Neumünster,Schleswig-Holstein,54.0873,9.9791,26.0,1856-2007,151,8.3,12.3,4.6,2.0,66.0,1570.0,779.0,3.0,31.6,,36.0,-13.8,7.7
613,3541,Neunkirchen-Seelscheid-Meisenbach,Nordrhein-Westfalen,50.8956,7.3081,185.0,1962-1992,30,8.9,12.9,5.3,2.0,67.0,,950.0,3.0,30.8,,38.0,-13.0,7.6
614,3545,Neunkirchen-Wellesweiler,Saarland,49.3436,7.2295,236.0,1953-2016,63,9.6,14.4,5.0,1.0,63.0,,848.0,2.0,33.4,,37.0,-13.0,9.3
615,3552,Neuruppin,Brandenburg,52.9037,12.8072,38.0,1939-2016,77,8.7,13.0,5.2,2.0,65.0,1645.0,533.0,3.0,32.1,27.4,31.0,-14.7,7.8
616,3565,Neustadt/Aisch,Bayern,49.5728,10.6001,315.0,1946-2002,56,8.3,13.0,4.0,2.0,68.0,1594.0,669.0,3.0,32.9,,35.0,-17.2,9.0
618,3575,Neustadt/Weinstraße,Rheinland-Pfalz,49.357,8.1405,163.0,1925-1982,57,10.1,14.6,5.9,2.0,66.0,1643.0,641.0,2.0,33.2,26.6,36.0,-12.2,8.6
620,3577,Neustrelitz,Mecklenburg-Vorpommern,53.3585,13.0502,64.0,1881-1976,95,8.0,12.2,3.9,2.0,68.0,1619.0,605.0,3.0,31.7,29.1,32.0,-18.1,8.3
622,3590,Nidderau-Windecken,Hessen,50.2335,8.8923,180.0,1958-2005,47,9.8,14.0,5.8,2.0,68.0,,655.0,2.0,33.4,,32.0,-12.9,8.2
624,3595,Niederelbert,Rheinland-Pfalz,50.4107,7.808,250.0,1966-2003,37,8.6,13.4,4.3,1.0,67.0,,951.0,2.0,32.8,,39.0,-16.0,9.2
626,3605,Niederstotzingen,Baden-Württemberg,48.5334,10.243,451.0,1927-1980,53,7.5,12.3,2.8,2.0,67.0,,701.0,3.0,31.1,,35.0,-19.7,9.5
627,3612,Nienburg,Niedersachsen,52.6711,9.2229,25.0,1897-2016,119,9.2,13.3,5.2,2.0,66.0,1337.0,689.0,3.0,32.8,,34.0,-13.6,8.2
628,3621,Reimlingen,Bayern,48.8254,10.5066,435.0,1900-2016,116,8.3,12.9,3.9,2.0,67.0,1472.0,638.0,2.0,32.4,,35.0,-17.9,9.0
630,3631,Norderney,Niedersachsen,53.7123,7.1519,11.0,1897-2016,119,9.1,11.5,6.8,4.0,67.0,1675.0,720.0,5.0,29.8,33.8,33.0,-8.2,4.6
632,3640,Nordhorn-Blanke,Niedersachsen,52.4124,7.064,24.0,1935-2006,71,9.5,13.7,5.7,2.0,66.0,,789.0,3.0,32.4,,34.0,-12.1,7.9
633,3659,Nürburg,Rheinland-Pfalz,50.3391,6.9501,627.0,1931-1995,64,6.7,10.1,3.8,3.0,69.0,1383.0,841.0,4.0,28.5,29.4,39.0,-13.6,6.3
635,3666,Nürnberg-Buchenbuehl,Bayern,49.5008,11.107,335.0,1881-1974,93,8.4,12.9,4.0,2.0,67.0,406.0,662.0,2.0,32.2,,38.0,-17.8,8.9
636,3667,Nürnberg-Netzstall,Bayern,49.4258,11.2538,368.0,1975-2016,41,8.7,13.6,3.8,1.0,64.0,,742.0,2.0,33.4,,40.0,-16.4,9.8
637,3668,Nürnberg,Bayern,49.503,11.0549,314.0,1933-2016,83,8.9,13.3,4.1,2.0,67.0,1707.0,627.0,3.0,33.8,26.2,36.0,-16.5,9.2
638,3671,Nürtingen,Baden-Württemberg,48.6321,9.3261,280.0,1955-1991,36,8.7,14.0,3.8,1.0,68.0,1494.0,789.0,2.0,33.0,,41.0,-16.6,10.3
640,3679,Kiefersfelden-Gach,Bayern,47.6187,12.1666,518.0,1947-2016,69,7.8,13.2,3.5,2.0,65.0,1467.0,1345.0,2.0,32.1,,65.0,-18.2,9.7
642,3722,Oberschleißheim,Bayern,48.2443,11.5528,484.0,1922-2006,84,7.7,13.2,3.2,1.0,66.0,1596.0,876.0,2.0,32.4,22.1,45.0,-18.9,9.5
643,3730,Oberstdorf,Bayern,47.3986,10.276,806.0,1886-2016,130,6.1,12.1,1.2,1.0,65.0,1602.0,1740.0,1.0,30.8,23.0,64.0,-21.6,10.9
646,3739,Oberviechtach,Bayern,49.4521,12.4366,596.0,1948-2016,68,7.2,11.5,3.2,2.0,66.0,497.0,788.0,2.0,31.0,,35.0,-17.2,8.3
651,3761,Öhringen,Baden-Württemberg,49.207,9.5175,276.0,1946-2016,70,9.5,14.2,5.3,2.0,64.0,1739.0,805.0,2.0,33.6,27.2,39.0,-14.3,8.8
652,3776,Offenbach/M. (Stadt),Hessen,50.0946,8.7546,110.0,1903-1995,92,9.9,14.0,6.0,2.0,67.0,1559.0,623.0,2.0,32.7,21.1,33.0,-10.6,8.1
653,3777,Offenburg,Baden-Württemberg,48.4593,7.9255,153.0,1958-2003,45,10.4,14.9,6.4,2.0,68.0,,892.0,2.0,33.8,,38.0,-13.1,8.5
655,3790,Oldenburg (A),Niedersachsen,53.1018,8.2516,5.0,1873-1989,116,8.6,12.6,4.8,2.0,70.0,1462.0,729.0,3.0,31.0,29.4,32.0,-13.5,7.8
657,3811,Oschatz,Sachsen,51.296,13.0928,150.0,1941-2016,75,9.0,13.8,5.1,3.0,64.0,1707.0,582.0,3.0,34.1,28.1,38.0,-16.0,8.7
658,3815,Osnabrück,Niedersachsen,52.2553,8.0534,95.0,1952-2010,58,9.4,13.2,5.8,2.0,69.0,1446.0,826.0,3.0,32.0,28.5,41.0,-12.4,7.4
660,3821,Osterfeld,Sachsen-Anhalt,51.0873,11.9292,246.0,1984-2016,32,8.5,12.2,4.8,3.0,72.0,1249.0,446.0,3.0,32.6,29.0,36.0,-13.9,7.5
662,3836,Ostheim v.d. Rhön,Bayern,50.4538,10.2211,312.0,1972-2016,44,8.3,13.0,3.7,2.0,67.0,,605.0,2.0,33.1,,30.0,-15.8,9.4
663,3856,Oy-Mittelberg,Bayern,47.6383,10.4313,1010.0,1921-1993,72,6.6,10.3,3.1,2.0,63.0,,1610.0,3.0,28.3,,60.0,-16.5,7.2
666,3875,Parsberg/Oberpfalz-Eglwang,Bayern,49.151,11.6896,549.0,1949-2016,67,7.7,11.9,3.9,2.0,62.0,1716.0,795.0,3.0,31.8,,38.0,-15.5,7.9
668,3879,Passau-Oberhaus,Bayern,48.5779,13.4694,409.0,1946-1997,51,8.1,12.8,4.0,1.0,67.0,1697.0,928.0,2.0,31.4,27.2,41.0,-16.6,8.8
671,3903,Perl-Besch,Saarland,49.5114,6.3857,175.0,1949-2004,55,9.9,14.6,5.4,2.0,63.0,0.0,736.0,2.0,32.9,,33.0,-12.7,9.1
672,3904,Perl-Nennig,Saarland,49.5356,6.3804,152.0,1965-2016,51,9.9,14.5,5.2,2.0,65.0,1475.0,702.0,2.0,33.3,,32.0,-12.5,9.4
674,3924,Pforzheim-Eutingen,Baden-Württemberg,48.9059,8.7412,246.0,1899-2005,106,9.0,14.0,4.6,2.0,63.0,1588.0,783.0,2.0,32.7,,40.0,-14.3,9.3
676,3927,Pfullendorf,Baden-Württemberg,47.9344,9.2869,630.0,1958-2016,58,7.2,11.8,3.0,2.0,68.0,1506.0,840.0,3.0,30.6,,42.0,-17.8,8.8
677,3929,Philippsburg,Baden-Württemberg,49.2511,8.4415,100.0,1948-1985,37,10.2,14.7,5.9,2.0,64.0,,743.0,3.0,33.8,,36.0,-13.0,8.7
678,3939,Pirmasens,Rheinland-Pfalz,49.1912,7.5879,385.0,1937-2016,79,8.6,13.0,4.5,1.0,65.0,,867.0,2.0,32.0,,38.0,-13.0,8.5
679,3946,Plauen,Sachsen,50.4819,12.13,386.0,1881-2016,135,8.0,12.3,3.8,2.0,67.0,1400.0,611.0,3.0,32.2,26.8,37.0,-18.0,8.5
680,3955,Plön (See),Schleswig-Holstein,54.159,10.402,24.0,1950-1997,47,8.2,11.6,5.2,2.0,67.0,1565.0,683.0,3.0,29.5,,34.0,-12.4,6.4
681,3974,Pommelsbrunn,Bayern,49.5058,11.5142,368.0,1949-1993,44,7.6,12.6,3.6,2.0,65.0,,933.0,2.0,32.3,,40.0,-17.1,9.0
683,3987,Potsdam,Brandenburg,52.3813,13.0622,81.0,1893-2016,123,8.8,13.3,4.9,3.0,67.0,1718.0,587.0,4.0,33.8,31.1,36.0,-15.1,8.3
685,4018,Puch,Bayern,48.1877,11.2206,550.0,1939-1983,44,7.8,12.3,4.2,2.0,70.0,1711.0,930.0,3.0,31.5,,46.0,-16.3,8.1
686,4024,Putbus,Mecklenburg-Vorpommern,54.3643,13.4771,40.0,1853-2016,163,7.8,10.9,4.9,3.0,70.0,1462.0,595.0,3.0,29.2,29.4,34.0,-11.6,6.0
688,4032,Quedlinburg,Sachsen-Anhalt,51.7954,11.1319,142.0,1887-2016,129,8.9,13.0,4.5,2.0,67.0,1506.0,479.0,3.0,32.5,22.6,35.0,-14.7,8.5
690,4038,Quickborn (Kurzer Kamp),Schleswig-Holstein,53.7276,9.9071,27.0,1946-1977,31,8.3,12.3,4.2,2.0,66.0,1580.0,773.0,2.0,31.0,,35.0,-15.1,8.0
691,4039,Quickborn,Schleswig-Holstein,53.7331,9.8776,13.0,1974-2016,42,8.3,12.3,4.0,2.0,68.0,1262.0,694.0,3.0,31.0,26.5,39.0,-14.3,8.3
692,4053,Radolfzell-Markelfingen,Baden-Württemberg,47.7458,9.0007,407.0,1952-1996,44,9.2,13.6,5.2,2.0,69.0,,796.0,2.0,31.5,,44.0,-13.2,8.3
693,4063,Rahden-Kleinendorf,Nordrhein-Westfalen,52.4461,8.5906,40.0,1949-2016,67,9.3,13.5,5.3,2.0,67.0,1280.0,677.0,3.0,33.1,,33.0,-13.5,8.2
696,4079,Rastenberg,Thüringen,51.1765,11.4183,200.0,1938-2005,67,8.6,13.3,4.4,1.0,64.0,,583.0,2.0,33.5,,35.0,-16.8,8.9
697,4091,Rauschberg bei Ruhpolding,Bayern,47.7327,12.6827,1640.0,1962-1998,36,3.7,7.4,0.8,2.0,63.0,1662.0,1897.0,3.0,25.5,,65.0,-17.5,6.5
698,4094,Weingarten. Kr. Ravensburg,Baden-Württemberg,47.8062,9.6206,440.0,1918-2016,98,8.6,13.4,4.4,2.0,67.0,1702.0,947.0,2.0,32.8,23.9,45.0,-15.5,9.2
700,4104,Regensburg,Bayern,49.0424,12.1021,365.0,1881-2016,135,8.3,12.9,4.1,2.0,67.0,1651.0,619.0,2.0,33.3,27.5,33.0,-15.9,8.9
701,4125,Reichenhall. Bad,Bayern,47.7238,12.874,470.0,1896-2006,110,8.3,13.5,4.0,1.0,65.0,1503.0,1558.0,2.0,32.7,,68.0,-18.0,9.5
702,4149,Marienberg-Reitzenhain,Sachsen,50.5602,13.2222,764.0,1881-1962,81,4.6,8.6,0.6,3.0,69.0,,888.0,3.0,28.3,,45.0,-21.3,8.1
708,4169,Rheinau-Memprechtshofen,Baden-Württemberg,48.6703,7.9939,131.0,1929-2016,87,10.0,15.0,5.6,1.0,68.0,1615.0,890.0,2.0,34.1,,43.0,-13.8,9.4
710,4175,Rheinfelden,Baden-Württemberg,47.559,7.7721,282.0,1953-2016,63,10.4,15.1,6.3,2.0,66.0,1631.0,992.0,2.0,34.3,6.5,43.0,-11.3,8.8
711,4177,Rheinstetten,Baden-Württemberg,48.9726,8.3301,116.0,1944-2016,72,9.9,14.5,5.3,2.0,72.0,1612.0,789.0,2.0,33.7,26.3,41.0,-13.6,9.1
713,4222,Rodewisch,Sachsen,50.5263,12.4091,464.0,1963-2006,43,7.4,11.7,3.5,2.0,71.0,1393.0,786.0,2.0,31.4,,44.0,-17.8,8.2
715,4240,Roetgen,Nordrhein-Westfalen,50.6407,6.2058,440.0,1934-1992,58,7.8,11.5,4.4,3.0,67.0,,1076.0,3.0,29.4,,50.0,-13.8,7.1
716,4261,Rosenheim,Bayern,47.8754,12.128,444.0,1950-2016,66,8.6,13.7,4.2,2.0,66.0,1604.0,1093.0,2.0,32.9,,51.0,-17.6,9.5
717,4271,Rostock-Warnemünde,Mecklenburg-Vorpommern,54.1803,12.0808,4.0,1923-2016,93,8.7,11.9,5.9,3.0,69.0,1747.0,592.0,4.0,31.6,31.7,32.0,-11.2,6.0
718,4275,Rotenburg (Wümme),Niedersachsen,53.1288,9.3398,32.0,1931-2016,85,8.8,12.9,4.9,2.0,67.0,1404.0,752.0,3.0,32.1,29.9,35.0,-14.3,8.0
719,4278,Roth bei Nürnberg,Bayern,49.2511,11.0934,340.0,1940-2008,68,8.4,13.4,3.7,2.0,62.0,,703.0,2.0,33.7,,36.0,-17.9,9.7
721,4287,Rothenburg ob der Tauber,Bayern,49.3848,10.1732,415.0,1947-2016,69,8.5,13.0,4.4,2.0,66.0,,680.0,3.0,32.8,,36.0,-16.0,8.6
722,4288,Rothenfelde. Bad,Niedersachsen,52.1039,8.1809,95.0,1936-1975,39,9.0,12.8,5.0,2.0,62.0,1423.0,833.0,2.0,31.6,,32.0,-13.2,7.5
724,4300,Rottweil,Baden-Württemberg,48.1814,8.6356,588.0,1911-2016,105,7.6,12.8,3.0,1.0,68.0,1600.0,794.0,2.0,31.8,,39.0,-17.7,9.8
725,4301,Kreuznach. Bad,Rheinland-Pfalz,49.8502,7.871,102.0,1931-2016,85,9.8,14.3,5.5,2.0,66.0,1507.0,520.0,2.0,33.8,,31.0,-12.9,8.8
727,4323,Ruppertsecken,Rheinland-Pfalz,49.6467,7.8835,461.0,1969-2016,47,8.8,12.4,5.6,2.0,61.0,,663.0,3.0,32.0,,36.0,-12.0,6.8
731,4336,Saarbrücken-Ensheim,Saarland,49.2128,7.1077,320.0,1949-2016,67,9.3,13.2,5.4,2.0,67.0,1674.0,844.0,3.0,31.8,27.2,37.0,-12.2,7.9
732,4339,Saarbrücken-Sankt Johann,Saarland,49.2231,7.0168,193.0,1936-2001,65,10.3,14.3,5.8,1.0,67.0,1458.0,800.0,2.0,32.6,,36.0,-11.6,8.5
734,4354,Saldenburg-Entschenreuth,Bayern,48.7832,13.3146,456.0,1985-2016,31,7.9,12.9,3.4,2.0,68.0,1695.0,1081.0,2.0,32.4,,49.0,-17.3,9.5
735,4364,Salzgitter-Ringelheim,Niedersachsen,52.0355,10.3054,138.0,1946-1999,53,8.9,13.0,5.0,2.0,69.0,1437.0,692.0,3.0,32.3,,38.0,-16.1,8.2
737,4371,Salzuflen. Bad,Nordrhein-Westfalen,52.1042,8.7521,135.0,1931-2016,85,9.3,13.3,5.6,2.0,70.0,1496.0,799.0,3.0,32.3,26.3,35.0,-13.0,7.6
738,4373,Salzwedel,Sachsen-Anhalt,52.8568,11.143,23.0,1936-1966,30,8.0,12.8,4.2,2.0,68.0,1527.0,552.0,3.0,32.2,,33.0,-17.6,8.6
739,4377,Sandberg,Bayern,50.3519,10.0032,510.0,1965-2016,51,8.0,11.5,4.9,2.0,68.0,,947.0,3.0,31.1,,42.0,-12.9,6.5
740,4393,Sankt Peter-Ording,Schleswig-Holstein,54.3279,8.603,5.0,1949-2016,67,8.8,11.7,5.9,3.0,69.0,1620.0,808.0,4.0,30.0,33.5,34.0,-11.3,5.7
743,4401,Sassendorf. Bad-Ostinghausen,Nordrhein-Westfalen,51.6334,8.1872,81.0,1948-1980,32,9.0,13.3,4.9,3.0,68.0,1517.0,741.0,3.0,32.3,,32.0,-15.6,8.4
744,4411,Schaafheim-Schlierbach,Hessen,49.9195,8.9671,155.0,1979-2016,37,9.9,14.5,5.4,2.0,65.0,1662.0,631.0,3.0,33.8,,31.0,-13.4,9.1
745,4419,Schallstadt-Mengen,Baden-Württemberg,47.9556,7.7134,212.0,1946-2004,58,10.2,15.2,5.9,2.0,68.0,,754.0,3.0,34.5,,41.0,-13.8,9.2
751,4445,Wernigerode-Schierke,Sachsen-Anhalt,51.7658,10.6533,609.0,1932-2016,84,5.7,10.0,1.7,2.0,73.0,1368.0,1257.0,3.0,29.1,,53.0,-18.1,8.4
752,4464,Schleiz,Thüringen,50.5679,11.8041,501.0,1936-2016,80,7.7,11.6,4.0,3.0,74.0,1323.0,585.0,3.0,32.0,27.5,42.0,-14.6,7.6
753,4466,Schleswig,Schleswig-Holstein,54.5275,9.5486,42.0,1947-2016,69,8.4,11.8,5.1,3.0,69.0,1621.0,893.0,3.0,29.6,29.8,36.0,-11.8,6.7
754,4468,Schleswig-Stadtfeld,Schleswig-Holstein,54.5227,9.5649,19.0,1881-1973,92,7.9,11.3,4.7,2.0,71.0,,828.0,3.0,28.8,,42.0,-13.9,6.6
755,4474,Schlossböckelheim,Rheinland-Pfalz,49.7961,7.7583,170.0,1914-1973,59,9.2,13.9,4.9,2.0,64.0,1513.0,556.0,2.0,33.0,,32.0,-15.3,8.9
756,4479,Schlüchtern-Kloster Gomfritz,Hessen,50.3849,9.5358,375.0,1954-1985,31,7.6,11.5,3.6,2.0,72.0,,936.0,2.0,30.5,,37.0,-17.1,7.8
757,4480,Schlüchtern-Herolz,Hessen,50.3447,9.5534,230.0,1985-2016,31,9.1,14.0,4.5,1.0,66.0,,821.0,2.0,33.4,,35.0,-14.3,9.5
760,4489,Schmatzfeld,Sachsen-Anhalt,51.8833,10.7667,198.0,1897-1962,65,8.3,12.7,4.4,,,,567.0,,31.6,,38.0,-18.6,8.2
761,4490,Schmelz-Hüttersdorf,Saarland,49.422,6.8396,223.0,1966-2002,36,9.2,13.9,4.8,2.0,64.0,,1047.0,2.0,32.5,,39.0,-13.6,9.1
762,4501,Schmücke,Thüringen,50.6546,10.7693,937.0,1887-2016,129,4.6,7.9,1.8,3.0,74.0,1339.0,1294.0,4.0,27.1,31.2,53.0,-15.4,6.0
763,4505,Schnarrtanne-Vogelsgrün,Sachsen,50.5,12.45,708.0,1881-1987,106,5.6,9.6,2.1,2.0,65.0,1406.0,887.0,3.0,29.0,,54.0,-17.9,7.5
764,4508,Schneifelforsthaus,Rheinland-Pfalz,50.2968,6.4194,649.0,1888-2016,128,6.4,10.2,3.2,3.0,67.0,,1110.0,4.0,29.0,,41.0,-13.4,7.0
766,4557,Schopfheim-Eichen,Baden-Württemberg,47.6463,7.8439,400.0,1881-2002,121,8.8,14.1,4.7,1.0,63.0,,1248.0,2.0,32.9,,46.0,-14.7,9.5
768,4560,Schotten,Hessen,50.4925,9.1226,265.0,1901-2016,115,8.6,12.6,4.9,2.0,68.0,1431.0,909.0,2.0,32.0,,41.0,-13.5,7.7
771,4581,Schwäbisch Gmünd-Strassdorf,Baden-Württemberg,48.7768,9.8025,415.0,1936-2002,66,8.7,14.0,4.7,1.0,62.0,,965.0,2.0,32.9,,43.0,-15.6,9.3
775,4592,Schwandorf,Bayern,49.3278,12.0871,356.0,1948-2016,68,8.3,13.2,3.8,2.0,66.0,1484.0,671.0,2.0,33.5,,35.0,-17.4,9.4
779,4612,Schwarzenberg,Sachsen,50.5513,12.7678,418.0,1923-1965,42,6.8,11.3,1.8,2.0,66.0,1425.0,828.0,3.0,30.3,,38.0,-20.8,9.5
780,4621,Schweinfurt-Gartenstadt,Bayern,50.0575,10.216,240.0,1946-2003,57,9.0,13.7,4.9,2.0,65.0,,600.0,2.0,33.7,,35.0,-14.8,9.0
781,4625,Schwerin,Mecklenburg-Vorpommern,53.6425,11.3872,59.0,1890-2016,126,8.4,12.2,4.9,3.0,67.0,1591.0,606.0,4.0,31.6,31.5,34.0,-13.5,7.3
783,4642,Seehausen,Sachsen-Anhalt,52.8911,11.7297,21.0,1976-2016,40,9.0,13.5,4.7,3.0,68.0,1590.0,550.0,3.0,33.7,27.8,31.0,-15.1,8.7
785,4651,Seesen,Niedersachsen,51.904,10.1885,186.0,1936-2016,80,8.5,12.4,4.7,2.0,69.0,1376.0,830.0,2.0,31.9,,40.0,-15.5,7.7
786,4656,Segeberg. Bad,Schleswig-Holstein,53.9278,10.2993,49.0,1881-1973,92,7.9,11.4,4.1,2.0,67.0,1530.0,728.0,3.0,30.0,,34.0,-15.4,7.3
787,4664,Selb/Oberfranken-Wildenau,Bayern,50.1969,12.1727,611.0,1921-2000,79,6.2,10.6,1.7,2.0,67.0,1420.0,724.0,2.0,30.6,,36.0,-20.2,9.0
788,4692,Siegen (Kläranlage),Nordrhein-Westfalen,50.8534,7.9966,229.0,1895-2016,121,8.5,13.1,4.3,2.0,70.0,,1080.0,2.0,32.5,,41.0,-14.6,8.8
789,4703,Sigmaringen-Laiz,Baden-Württemberg,48.0719,9.1942,580.0,1888-2016,128,7.2,12.3,2.8,1.0,66.0,,767.0,2.0,31.8,,38.0,-17.7,9.6
792,4706,Simbach/Inn,Bayern,48.2719,13.0273,360.0,1981-2016,35,9.0,13.6,4.7,2.0,65.0,1696.0,912.0,2.0,33.2,,49.0,-15.7,9.0
793,4709,Simmern-Wahlbach,Rheinland-Pfalz,49.9996,7.5981,445.0,1947-2016,69,8.4,12.2,4.6,2.0,66.0,,664.0,3.0,31.1,,33.0,-14.2,7.6
796,4741,Solingen-Hohenscheid,Nordrhein-Westfalen,51.14,7.093,154.0,1907-2002,95,9.1,12.8,5.9,3.0,70.0,,1085.0,3.0,31.6,,42.0,-11.4,6.9
797,4745,Soltau,Niedersachsen,52.9604,9.7931,76.0,1926-2016,90,8.6,12.9,4.5,2.0,69.0,1507.0,772.0,3.0,32.4,27.2,35.0,-14.7,8.4
798,4748,Sondershausen,Thüringen,51.352,10.9059,216.0,1881-2010,129,8.3,12.9,4.1,2.0,63.0,1478.0,562.0,2.0,33.3,,31.0,-16.6,8.9
799,4752,Sonneberg-Neufang,Thüringen,50.3746,11.1828,626.0,1938-2008,70,6.3,10.0,3.5,3.0,73.0,1461.0,941.0,3.0,29.4,27.6,41.0,-14.5,6.4
800,4763,Sontra,Hessen,51.0607,9.9266,265.0,1937-2016,79,8.1,12.5,3.3,2.0,72.0,1306.0,680.0,2.0,31.1,,37.0,-17.1,9.1
801,4765,Sooden-Allendorf. Bad,Hessen,51.2801,9.9849,199.0,1937-1980,43,8.9,13.1,4.5,2.0,72.0,1306.0,645.0,2.0,32.3,,34.0,-16.3,8.5
804,4818,Stammbach-Querenbach,Bayern,50.1531,11.7403,598.0,1964-2000,36,6.6,11.2,2.4,2.0,68.0,,1017.0,3.0,31.2,,45.0,-19.2,8.8
809,4878,Oberharz am Brocken-Stiege,Sachsen-Anhalt,51.6681,10.8823,494.0,1958-2013,55,6.6,10.9,2.4,2.0,70.0,,822.0,3.0,29.7,,40.0,-19.1,8.5
811,4887,Stötten,Baden-Württemberg,48.6657,9.8646,734.0,1947-2016,69,7.2,10.9,4.1,3.0,68.0,1695.0,1058.0,4.0,29.6,34.2,47.0,-14.6,6.8
812,4896,Wagersrott,Schleswig-Holstein,54.6654,9.805,40.0,1974-2016,42,8.2,11.6,4.9,2.0,69.0,1433.0,750.0,3.0,28.4,,32.0,-11.8,6.7
813,4911,Straubing,Bayern,48.8275,12.5598,350.0,1940-2016,76,8.4,13.2,3.9,2.0,66.0,1702.0,700.0,2.0,32.6,26.5,35.0,-18.2,9.1
814,4926,Stuttgart (Neckartal),Baden-Württemberg,48.7896,9.2167,224.0,1944-2013,69,11.0,15.4,7.0,1.0,61.0,1835.0,641.0,2.0,34.7,,37.0,-11.1,8.4
815,4927,Stuttgart-Stadt,Baden-Württemberg,48.7693,9.1814,286.0,1792-1984,192,9.9,14.1,6.2,2.0,65.0,1669.0,658.0,2.0,33.2,24.4,41.0,-11.4,7.9
816,4928,Stuttgart (Schnarrenberg),Baden-Württemberg,48.8282,9.2,314.0,1957-2016,59,10.0,14.2,6.1,2.0,66.0,1673.0,647.0,3.0,33.4,27.1,38.0,-12.4,8.1
817,4931,Stuttgart-Echterdingen,Baden-Württemberg,48.6883,9.2235,371.0,1940-2016,76,8.9,13.3,4.6,2.0,66.0,1708.0,705.0,3.0,32.8,26.6,38.0,-14.9,8.8
818,4933,Stuttgart-Hohenheim,Baden-Württemberg,48.7091,9.2147,401.0,1881-1977,96,8.5,12.9,4.5,2.0,63.0,1717.0,676.0,2.0,32.1,,36.0,-15.3,8.3
821,4978,Tann/Rhön,Hessen,50.639,10.0228,395.0,1986-2016,30,8.3,12.6,4.1,2.0,69.0,,770.0,2.0,31.7,,35.0,-15.8,8.5
824,5009,Teterow,Mecklenburg-Vorpommern,53.761,12.5574,38.0,1947-2016,69,8.3,12.3,4.7,3.0,65.0,1556.0,535.0,4.0,32.3,32.5,30.0,-14.5,7.6
825,5014,Worpswede-Hüttenbusch,Niedersachsen,53.2758,8.9857,7.0,1951-2016,65,8.8,12.9,4.6,3.0,69.0,1320.0,744.0,3.0,31.7,,34.0,-14.3,8.3
826,5017,Teuschnitz,Bayern,50.4002,11.3889,633.0,1947-2016,69,6.6,10.6,2.7,2.0,68.0,,972.0,3.0,30.2,,44.0,-17.9,7.9
828,5029,Tholey,Saarland,49.4738,7.0386,386.0,1946-2016,70,8.5,12.8,5.3,3.0,66.0,1516.0,955.0,3.0,31.8,28.7,41.0,-11.3,7.1
831,5046,Tirschenreuth-Lodermühl,Bayern,49.8576,12.3542,500.0,1967-2016,49,7.2,11.6,3.1,2.0,73.0,,692.0,3.0,31.1,,34.0,-18.5,8.5
832,5047,Titisee-Neustadt-Langenordnach,Baden-Württemberg,47.9394,8.1933,870.0,1945-1995,50,6.0,11.5,1.0,1.0,65.0,1649.0,1233.0,2.0,30.0,,49.0,-21.4,10.4
833,5064,Tönisvorst,Nordrhein-Westfalen,51.2897,6.4437,37.0,1881-2016,135,9.9,14.3,6.2,2.0,64.0,,772.0,3.0,33.3,,34.0,-10.5,8.1
834,5067,Torfhaus im Solling,Niedersachsen,51.7643,9.5628,491.0,1931-1966,35,6.3,9.9,3.0,2.0,66.0,,1096.0,3.0,28.7,,43.0,-16.1,6.9
835,5068,Torgau,Sachsen,51.5833,13.0,80.0,1851-1990,139,8.9,13.0,4.8,2.0,66.0,1638.0,536.0,3.0,33.3,,37.0,-16.9,8.2
836,5074,Traunstein-Sparz,Bayern,47.8663,12.6566,626.0,1897-1960,63,7.4,12.2,3.3,2.0,63.0,858.0,1517.0,2.0,31.5,,70.0,-18.5,9.0
837,5075,Traunstein-Axdorf,Bayern,47.8516,12.6182,635.0,1971-2004,33,8.0,12.6,4.3,2.0,64.0,1507.0,1431.0,2.0,31.2,,59.0,-15.3,8.3
838,5078,Travemünde,Schleswig-Holstein,53.9619,10.8892,2.0,1936-2001,65,8.5,11.8,5.4,2.0,65.0,1626.0,629.0,3.0,30.3,31.1,32.0,-12.6,6.4
840,5097,Tribsees,Mecklenburg-Vorpommern,54.0661,12.7675,10.0,1949-2016,67,8.6,13.0,4.6,2.0,56.0,1673.0,614.0,3.0,32.8,,31.0,-14.9,8.4
841,5099,Trier-Zewen,Rheinland-Pfalz,49.7326,6.6131,132.0,1788-2016,228,9.8,14.4,5.6,2.0,67.0,1254.0,733.0,2.0,33.4,,33.0,-11.8,8.8
842,5100,Trier-Petrisberg,Rheinland-Pfalz,49.7479,6.6582,265.0,1931-2016,85,9.5,13.9,5.6,2.0,69.0,1583.0,741.0,3.0,33.8,30.7,34.0,-11.8,8.3
843,5105,Trochtelfingen,Baden-Württemberg,48.3132,9.2472,700.0,1927-1973,46,5.7,11.5,0.3,2.0,71.0,,788.0,2.0,29.7,,33.0,-23.4,11.1
846,5111,Trostberg,Bayern,48.0311,12.5396,559.0,1917-2016,99,8.2,13.0,3.7,2.0,65.0,,1047.0,2.0,32.6,,50.0,-17.1,9.3
847,5120,Tübingen,Baden-Württemberg,48.5198,9.0515,370.0,1949-1982,33,8.5,13.5,3.9,2.0,68.0,1644.0,,2.0,32.7,26.2,,-16.3,9.6
851,5138,Überlingen/Bodensee,Baden-Württemberg,47.7713,9.1562,446.0,1946-2003,57,8.9,13.2,5.0,1.0,66.0,1660.0,857.0,2.0,31.5,,45.0,-12.9,8.2
852,5142,Ueckermünde,Mecklenburg-Vorpommern,53.7444,14.0697,1.0,1936-2016,80,8.3,12.2,4.7,3.0,66.0,1619.0,547.0,3.0,32.0,28.1,32.0,-15.6,7.4
853,5146,Uelzen,Niedersachsen,52.9414,10.5289,50.0,1887-2016,129,8.5,12.6,4.4,2.0,65.0,1504.0,624.0,3.0,32.1,,32.0,-15.7,8.2
854,5149,Gollhofen,Bayern,49.5741,10.1916,308.0,1936-2016,80,8.7,13.1,4.3,2.0,65.0,,642.0,3.0,33.0,,37.0,-16.4,8.8
855,5155,Ulm,Baden-Württemberg,48.3837,9.9524,567.0,1881-2014,133,8.1,12.4,3.9,2.0,69.0,1631.0,727.0,2.0,31.6,24.0,37.0,-15.6,8.5
857,5165,Unterlüß,Niedersachsen,52.8499,10.2898,95.0,1935-2006,71,8.4,12.9,4.1,1.0,70.0,,780.0,2.0,32.5,,33.0,-16.0,8.8
858,5185,Uttenreuth,Bayern,49.5933,11.0704,291.0,1971-2006,35,8.6,13.8,3.5,1.0,64.0,1453.0,750.0,2.0,33.5,,36.0,-17.3,10.3
859,5229,Villingen-Schwenningen,Baden-Württemberg,48.0453,8.4608,720.0,1881-2016,135,6.6,11.9,1.7,2.0,66.0,,865.0,2.0,31.3,,42.0,-20.1,10.2
860,5236,Visbek,Niedersachsen,52.8318,8.3112,51.0,1949-1979,30,8.7,12.3,5.0,2.0,70.0,1306.0,779.0,3.0,30.9,,37.0,-14.6,7.5
862,5250,Vogtsburg-Oberrotweil,Baden-Württemberg,48.0908,7.6353,223.0,1907-2003,96,10.2,14.8,6.0,2.0,64.0,1690.0,697.0,2.0,33.9,,37.0,-13.3,8.8
865,5275,Waghäusel-Kirrlach,Baden-Württemberg,49.2445,8.5374,105.0,1985-2016,31,11.0,15.6,6.6,1.0,59.0,,671.0,2.0,35.4,,34.0,-11.7,9.0
867,5279,Wahlsburg-Lippoldsberg,Hessen,51.6184,9.5761,176.0,1948-2016,68,9.0,13.2,5.1,1.0,69.0,1147.0,795.0,2.0,32.5,,35.0,-14.9,8.2
868,5280,Wittenborn,Schleswig-Holstein,53.9223,10.2268,35.0,1981-2016,35,9.0,13.0,5.2,3.0,69.0,,856.0,4.0,32.4,,37.0,-12.7,7.8
869,5282,Wahnsdorf bei Dresden,Sachsen,51.1197,13.6744,246.0,1917-1974,57,8.5,12.4,5.0,3.0,68.0,1674.0,637.0,4.0,32.4,36.0,41.0,-15.5,7.4
872,5296,Waldeck,Hessen,51.207,9.0658,376.0,1935-1989,54,7.8,11.4,4.2,2.0,75.0,,616.0,2.0,30.1,,34.0,-14.5,7.2
873,5300,Waldems-Reinborn,Hessen,50.2596,8.3607,380.0,1951-2016,65,8.5,12.3,4.9,2.0,66.0,1437.0,738.0,3.0,31.1,,36.0,-13.8,7.4
874,5306,Waldhäuser (National Park),Bayern,48.9293,13.4641,940.0,1971-2003,32,5.7,9.7,2.6,2.0,64.0,1514.0,1333.0,2.0,27.7,23.2,56.0,-15.7,7.1
876,5320,Waldshut,Baden-Württemberg,47.6172,8.2388,330.0,1937-1991,54,9.1,14.1,4.9,1.0,66.0,,1094.0,2.0,33.0,,50.0,-13.9,9.3
877,5335,Waltershausen,Thüringen,50.8963,10.5484,348.0,1882-2016,134,7.8,12.7,4.4,2.0,65.0,,714.0,3.0,33.0,,37.0,-15.1,8.4
878,5344,Wangerooge,Niedersachsen,53.7852,7.8533,4.0,1941-2006,65,9.1,11.7,6.7,3.0,67.0,1524.0,780.0,4.0,29.0,,33.0,-8.3,5.1
880,5349,Waren (Müritz),Mecklenburg-Vorpommern,53.5196,12.6654,73.0,1889-2016,127,8.1,12.1,4.6,2.0,69.0,1582.0,582.0,3.0,31.9,25.6,30.0,-14.6,7.5
881,5361,Wartenberg-Angersbach,Hessen,50.6271,9.442,270.0,1911-2005,94,8.2,13.0,3.7,1.0,72.0,,686.0,2.0,32.2,,33.0,-17.3,9.2
882,5369,Wasserburg,Bayern,48.0572,12.2202,443.0,1948-1993,45,7.9,13.2,3.6,1.0,67.0,,1083.0,1.0,32.2,,52.0,-17.9,9.6
883,5371,Wasserkuppe,Hessen,50.4973,9.9428,921.0,1923-2016,93,5.1,8.4,2.4,4.0,72.0,1572.0,1092.0,5.0,27.2,35.0,42.0,-15.4,6.0
885,5397,Weiden,Bayern,49.6663,12.1845,440.0,1946-2016,70,7.7,12.4,3.5,2.0,66.0,1593.0,684.0,2.0,32.6,23.2,35.0,-17.7,8.9
886,5398,Weidenbach. Kr.Ansbach,Bayern,49.1965,10.6487,425.0,1918-1971,53,7.5,12.4,3.3,2.0,61.0,,669.0,2.0,31.7,,34.0,-19.4,9.2
888,5410,Weilburg (Kläranlage),Hessen,50.4732,8.2588,150.0,1887-1993,106,8.6,13.2,4.2,2.0,70.0,,737.0,2.0,32.2,,34.0,-14.9,8.9
889,5419,Weimar,Thüringen,50.9751,11.3076,264.0,1882-2007,125,8.5,13.2,4.5,2.0,67.0,1477.0,550.0,3.0,32.9,29.8,34.0,-16.1,8.7
891,5426,Weinbiet,Rheinland-Pfalz,49.3758,8.1213,553.0,1953-2016,63,8.3,12.0,5.3,4.0,66.0,1677.0,594.0,5.0,32.0,39.4,33.0,-12.2,6.7
892,5429,Weinsberg,Baden-Württemberg,49.1512,9.292,219.0,1901-1984,83,9.4,14.2,5.2,2.0,68.0,1528.0,735.0,2.0,33.0,,36.0,-14.7,8.8
894,5433,Weiskirchen/Saar,Saarland,49.5534,6.812,380.0,1956-2016,60,9.1,12.9,5.5,2.0,67.0,1509.0,1206.0,2.0,31.8,,48.0,-11.6,7.5
895,5434,Weismain,Bayern,50.0858,11.2364,317.0,1941-1992,51,7.5,12.6,2.8,2.0,67.0,,755.0,2.0,32.3,,36.0,-18.3,9.7
897,5440,Weißenburg-Emetzheim,Bayern,49.0116,10.9308,439.0,1881-2016,135,8.2,12.8,3.9,2.0,67.0,1727.0,663.0,3.0,32.7,25.8,36.0,-18.0,8.9
898,5442,Weißenfels,Sachsen-Anhalt,51.2002,11.9154,109.0,1894-2005,111,9.6,14.2,5.9,2.0,64.0,,492.0,2.0,34.4,,35.0,-13.9,8.3
903,5467,Wendelstein,Bayern,47.7035,12.0119,1832.0,1951-2012,61,2.5,5.7,,4.0,67.0,1698.0,1871.0,5.0,22.8,47.9,72.0,-18.6,5.9
905,5488,Mühlhausen. Kr. Schweinfurt,Bayern,49.9622,10.0482,216.0,1949-1986,37,8.0,12.9,3.4,2.0,66.0,,567.0,3.0,32.5,,30.0,-19.0,9.5
906,5490,Wernigerode,Sachsen-Anhalt,51.8454,10.7686,234.0,1947-2016,69,8.8,12.7,4.6,2.0,71.0,1467.0,561.0,3.0,31.9,32.3,38.0,-16.3,8.1
907,5498,Wertheim-Eichel,Baden-Württemberg,49.7667,9.5428,140.0,1881-2004,123,9.1,14.0,4.9,1.0,63.0,1289.0,683.0,2.0,33.9,,37.0,-14.1,9.1
908,5514,Westerland,Schleswig-Holstein,54.8991,8.3123,3.0,1872-1961,89,8.2,10.8,5.6,4.0,69.0,1700.0,714.0,4.0,28.0,,32.0,-10.6,5.2
909,5516,Fehmarn,Schleswig-Holstein,54.5284,11.0605,3.0,1948-2016,68,8.7,11.4,6.1,4.0,65.0,1753.0,553.0,5.0,28.4,31.3,30.0,-9.5,5.3
912,5543,Wiesbaden-Dotzheim,Hessen,50.0863,8.1872,235.0,1945-1986,41,8.4,12.7,4.8,1.0,65.0,,695.0,2.0,31.8,,36.0,-12.9,7.9
913,5546,Wiesenburg,Brandenburg,52.1207,12.4585,187.0,1986-2016,30,9.2,12.6,5.1,3.0,71.0,1544.0,594.0,3.0,33.0,26.9,34.0,-13.6,7.6
914,5559,Wildbad. Bad-Calmbach,Baden-Württemberg,48.7848,8.5764,385.0,1895-2001,106,8.0,13.3,3.8,1.0,63.0,,1238.0,2.0,32.1,,55.0,-14.7,9.6
916,5568,Wildungen. Bad,Hessen,51.1056,9.1081,310.0,1938-2001,63,8.1,12.0,4.2,2.0,75.0,1357.0,631.0,2.0,30.8,,35.0,-14.9,7.8
917,5575,Wilhelmshaven,Niedersachsen,53.5901,8.106,1.0,1881-1998,117,8.5,11.7,5.6,2.0,65.0,,748.0,3.0,29.9,,33.0,-11.3,6.1
920,5629,Wittenberg,Sachsen-Anhalt,51.8892,12.6445,105.0,1937-2016,79,9.0,13.6,5.2,2.0,68.0,1637.0,572.0,3.0,34.1,27.0,33.0,-15.4,8.4
922,5643,Wittstock-Rote Mühle,Brandenburg,53.1864,12.4949,66.0,1936-2016,80,8.7,13.4,4.6,2.0,58.0,1505.0,577.0,3.0,33.8,,29.0,-15.2,8.8
923,5644,Witzenhausen,Hessen,51.3493,9.8438,133.0,1900-1999,99,8.7,13.2,4.5,2.0,70.0,1489.0,659.0,2.0,32.2,,37.0,-16.2,8.7
924,5654,Wörnitz-Bottenweiler,Bayern,49.2178,10.2296,464.0,1948-2007,59,7.9,12.5,3.5,2.0,64.0,1624.0,824.0,3.0,32.4,,38.0,-19.5,9.0
926,5664,Wolfach,Baden-Württemberg,48.2953,8.2391,291.0,1958-2016,58,9.7,15.0,5.5,1.0,67.0,1413.0,1277.0,1.0,34.4,,51.0,-12.7,9.4
928,5676,Wolfsburg (Südwest),Niedersachsen,52.3962,10.6892,82.0,1981-2016,35,9.8,14.0,5.9,2.0,65.0,,660.0,2.0,34.2,,34.0,-13.1,8.1
930,5692,Worms,Rheinland-Pfalz,49.6051,8.3659,88.0,1896-2016,120,10.3,14.6,6.2,2.0,66.0,,558.0,3.0,34.0,,34.0,-11.4,8.4
931,5703,Würzburg (Klärwerk),Bayern,49.7964,9.8949,170.0,1949-1986,37,9.3,13.7,4.9,1.0,68.0,,580.0,2.0,32.7,,30.0,-15.5,8.8
932,5705,Würzburg,Bayern,49.7703,9.9577,268.0,1946-2016,70,9.4,13.9,5.3,2.0,66.0,1651.0,592.0,3.0,33.8,29.7,33.0,-14.1,8.6
933,5707,Würzburg (Physikalisches-Institut),Bayern,49.7995,9.928,175.0,1881-1953,72,8.8,13.6,4.7,2.0,66.0,,576.0,2.0,32.3,,33.0,-15.1,8.8
935,5717,Wuppertal-Buchenhofen,Nordrhein-Westfalen,51.2248,7.1053,130.0,1907-2016,109,9.5,13.5,5.8,2.0,68.0,,1116.0,3.0,32.6,,41.0,-11.8,7.7
938,5731,Wutöschingen-Ofteringen,Baden-Württemberg,47.6783,8.3801,398.0,1954-2016,62,8.8,14.1,4.4,1.0,67.0,,998.0,2.0,33.6,,46.0,-14.3,9.7
939,5732,Wrixum/Föhr,Schleswig-Holstein,54.6928,8.5271,8.0,1887-2003,116,8.5,11.4,5.8,4.0,67.0,1631.0,732.0,4.0,28.1,15.2,33.0,-9.3,5.6
940,5745,Zehdenick,Brandenburg,52.9664,13.3268,51.0,1932-2016,84,8.6,13.1,4.4,2.0,65.0,1514.0,543.0,3.0,33.4,27.9,33.0,-16.6,8.6
941,5750,Zeitz,Sachsen-Anhalt,51.0314,12.1495,170.0,1952-2016,64,9.2,13.3,5.4,2.0,65.0,,582.0,3.0,33.6,22.0,39.0,-15.0,7.9
942,5761,Zerbst,Sachsen-Anhalt,51.9642,12.0996,69.0,1903-1980,77,8.5,13.1,4.1,2.0,64.0,,529.0,3.0,32.3,,32.0,-16.6,8.9
944,5779,Zinnwald-Georgenfeld,Sachsen,50.7314,13.7516,877.0,1971-2016,45,4.9,8.1,2.1,3.0,72.0,1477.0,1000.0,4.0,26.9,29.7,56.0,-16.5,6.0
945,5792,Zugspitze,Bayern,47.4209,10.9847,2964.0,1900-2016,116,,,,4.0,67.0,1800.0,1775.0,5.0,13.9,54.3,57.0,-25.4,5.0
946,5797,Lichtentanne,Sachsen,50.6878,12.4329,353.0,1881-2016,135,8.3,12.9,4.4,2.0,67.0,,707.0,3.0,32.8,27.4,43.0,-16.0,8.3
948,5802,Zwieselberg,Bayern,49.0007,13.2137,615.0,1946-2003,57,6.4,11.9,1.5,1.0,65.0,1606.0,1023.0,2.0,30.8,,44.0,-20.8,10.2
950,5825,Berge,Brandenburg,52.6198,12.7867,40.0,1953-2016,63,9.1,13.8,5.4,2.0,64.0,1677.0,514.0,3.0,34.5,25.6,31.0,-13.8,8.4
955,5885,Kirchheim/Teck-Ötlingen,Baden-Württemberg,48.6582,9.4203,289.0,1881-1977,96,8.7,13.9,3.7,2.0,62.0,,763.0,2.0,33.4,,37.0,-17.2,10.1
956,5890,Kohlgrub. Bad (A),Bayern,47.6777,11.0473,850.0,1944-1991,47,6.8,10.7,2.9,2.0,63.0,1614.0,1481.0,3.0,28.7,,64.0,-16.9,7.8
958,5906,Mannheim,Baden-Württemberg,49.509,8.5541,96.0,1881-2016,135,10.4,14.7,6.2,2.0,66.0,1699.0,601.0,2.0,34.5,24.2,36.0,-12.5,8.5
959,5912,Melsungen-Bürstoß,Hessen,51.1318,9.5189,254.0,1935-2003,68,8.5,13.0,4.3,2.0,73.0,,695.0,2.0,32.3,,36.0,-16.1,8.6
960,5920,Neuwied,Rheinland-Pfalz,50.4485,7.4275,91.0,1888-1997,109,9.6,14.1,5.3,1.0,65.0,,708.0,2.0,33.3,22.1,35.0,-13.4,8.7
962,5941,Reit im Winkl,Bayern,47.6754,12.4698,685.0,1938-2016,78,6.4,12.1,1.4,1.0,61.0,1613.0,1727.0,2.0,31.6,,68.0,-21.2,10.6
974,6159,Dörpen,Niedersachsen,52.9542,7.3196,8.0,1959-2016,57,9.3,13.2,5.5,2.0,68.0,1381.0,786.0,3.0,32.1,22.6,34.0,-12.2,7.7
999,6314,Nossen,Sachsen,51.0507,13.3003,308.0,1949-2016,67,8.5,12.7,4.5,3.0,57.0,1605.0,657.0,3.0,32.6,25.5,41.0,-17.8,8.2
1009,7135,Aulendorf-Haslach,Baden-Württemberg,47.9655,9.6804,565.0,1950-2004,54,7.8,12.3,3.7,2.0,70.0,1635.0,875.0,3.0,31.1,,42.0,-17.5,8.6
1011,7244,Neuglobsow (HM),Brandenburg,53.1424,13.0319,62.0,1967-2004,37,8.2,12.4,4.4,2.0,68.0,1325.0,567.0,2.0,32.0,22.3,34.0,-14.9,8.0
1054,14311,Hersdorf-Weißenseifen,Rheinland-Pfalz,50.1505,6.5526,530.0,1958-2005,47,7.3,11.1,4.0,2.0,73.0,1428.0,997.0,3.0,29.7,,38.0,-13.3,7.1
1058,15526,Hamburg (Deutsche Seewarte),Hamburg,53.5467,9.9716,29.0,1881-1935,54,8.6,11.8,5.7,3.0,69.0,,734.0,4.0,30.3,,34.0,-11.2,6.3
